dc_bus_ripple_voltage_V,capacitor_esr_mOhm,junction_temp_C,mosfet_on_resistance_mOhm,conversion_efficiency_pct,heatsink_temp_C,command_fan_rpm,actual_fan_rpm,thd_pct,mains_surges_count,health_state
4.82,9.24,46.57,5.09,98.3,38.69,2000,1985,1.33,0,0
5.26,9.25,45.21,4.94,98.77,39.46,2000,1997,1.67,0,0
19.63,34.73,89.84,10.64,87.13,93.91,4000,2453,10.95,9,3
12.36,24.91,72.88,7.34,93.49,73.75,3500,2748,5.63,5,2
5.01,10.66,43.03,5.16,98.76,39.19,1500,1488,1.55,1,0
8.45,14.39,57.15,5.75,96.05,50.19,3000,2870,3.16,0,1
6.81,12.28,54.43,5.54,96.16,50.35,2500,2275,2.96,1,1
7.71,12.17,52.03,5.81,96.26,53.96,3000,2753,2.82,1,1
7.48,15.65,55.15,5.69,95.24,53.18,2000,1898,3.04,1,1
8.44,15.74,56.04,5.52,95.42,50.49,3000,2751,2.63,0,1
8.3,13.36,56.94,5.89,96.0,52.68,2500,2281,2.92,0,1
11.39,22.45,71.43,7.97,92.6,72.05,3500,2699,5.4,4,2
7.99,12.4,57.56,5.61,96.43,53.33,3000,2782,2.89,0,1
8.23,12.29,55.71,5.92,95.82,51.37,3000,2840,2.72,2,1
13.03,20.02,71.58,7.31,92.73,68.38,3500,2759,4.73,3,2
11.2,22.78,78.52,7.49,91.41,69.12,3500,2757,5.73,3,2
13.48,21.32,70.22,7.39,92.89,72.2,3500,2627,5.82,2,2
13.38,21.44,75.67,7.44,92.62,73.77,3500,2896,4.93,4,2
5.21,9.63,44.27,5.07,98.33,39.37,2500,2450,1.47,0,0
20.14,32.11,95.6,9.11,85.84,90.52,4000,1509,9.51,7,3
20.93,33.25,101.9,10.5,84.25,90.47,4000,2009,9.42,7,3
16.79,31.13,93.54,9.97,85.04,88.38,4000,2450,10.28,9,3
16.52,34.62,102.47,10.81,84.11,85.92,4000,1588,9.55,9,3
12.6,20.46,74.69,7.48,91.31,69.92,3500,2521,6.44,3,2
11.94,23.23,79.65,7.9,92.29,71.73,3500,2559,6.49,2,2
4.82,9.28,45.53,5.17,98.59,38.23,1500,1455,1.64,0,0
5.26,9.94,43.63,5.2,98.24,38.52,2000,1972,1.36,0,0
20.38,39.53,95.25,10.67,85.14,90.97,4000,1502,9.82,7,3
5.04,9.44,45.7,5.04,98.49,38.98,2500,2482,1.49,1,0
5.17,10.26,44.04,5.16,98.29,39.34,1500,1503,1.51,0,0
10.98,21.31,76.36,7.03,91.2,70.87,3500,2580,5.51,5,2
7.02,15.76,54.33,5.95,95.84,50.32,3000,2717,2.85,2,1
11.84,23.27,74.19,7.66,90.67,70.44,3500,2734,6.23,2,2
11.91,21.96,79.77,7.11,91.06,69.31,3500,2797,4.8,2,2
7.6,14.51,55.46,5.79,96.72,53.51,2000,1882,2.79,2,1
7.8,14.23,56.42,5.51,96.58,51.66,2000,1783,2.85,1,1
5.0,10.07,44.03,5.03,98.55,38.69,2500,2458,1.57,1,0
10.88,19.13,73.77,7.68,93.29,67.08,3500,2893,5.85,4,2
7.18,12.68,56.97,5.94,96.65,50.81,2000,1805,2.88,3,1
4.99,10.19,43.95,4.9,98.4,41.16,2500,2500,1.56,1,0
22.66,31.41,95.21,10.56,87.71,85.71,4000,2408,9.01,6,3
4.93,10.24,46.42,4.84,98.68,41.13,2000,2009,1.53,1,0
5.27,10.06,44.81,5.14,98.47,41.21,2000,2001,1.46,0,0
5.44,10.58,46.15,5.14,98.72,38.04,2000,2031,1.31,1,0
11.8,23.75,76.42,7.49,91.56,69.99,3500,2840,5.9,6,2
4.87,10.56,43.65,4.85,98.58,39.97,2500,2495,1.54,0,0
12.82,24.28,79.17,7.83,92.66,69.91,3500,2621,5.85,6,2
16.79,31.07,91.25,9.7,87.55,89.78,4000,2169,8.66,8,3
5.06,9.89,45.22,4.96,98.34,41.31,1500,1466,1.61,1,0
20.99,37.63,88.4,9.99,83.68,93.27,4000,1787,8.59,8,3
4.81,10.42,45.82,4.85,98.21,41.96,2500,2521,1.63,1,0
4.8,10.52,46.59,4.84,98.31,38.86,1500,1482,1.69,0,0
6.75,13.41,52.68,5.74,95.41,52.71,2000,1868,3.0,3,1
11.04,19.4,74.03,7.67,92.19,66.74,3500,2622,5.34,4,2
5.34,10.2,43.57,5.09,98.54,41.51,2000,2039,1.62,1,0
10.73,21.57,78.0,7.05,91.25,71.55,3500,2707,5.3,2,2
11.79,23.13,72.59,7.75,91.18,66.07,3500,2603,6.44,5,2
8.43,12.63,55.52,5.51,95.6,54.0,2500,2380,3.21,3,1
5.47,9.65,43.18,5.2,98.29,38.76,2500,2504,1.37,1,0
17.14,33.12,97.36,10.93,84.72,86.26,4000,1980,7.9,6,3
5.1,9.68,46.9,4.87,98.58,41.77,1500,1538,1.59,0,0
7.88,12.52,57.25,5.98,96.42,49.23,2500,2348,3.04,1,1
13.47,23.74,74.92,7.84,93.0,66.41,3500,2589,5.43,3,2
10.6,20.54,71.93,7.5,91.82,70.19,3500,2700,5.76,4,2
10.84,20.55,76.86,7.87,93.36,67.96,3500,2882,5.67,6,2
16.23,34.02,102.26,9.54,84.07,94.76,4000,1772,10.01,7,3
8.16,13.1,56.34,5.99,95.89,50.75,2000,1768,3.31,0,1
4.53,10.08,46.83,5.03,98.34,39.62,2000,2022,1.51,1,0
5.15,9.88,46.09,5.0,98.79,41.0,2000,2043,1.51,1,0
4.72,10.66,44.64,5.0,98.33,38.94,2000,1977,1.7,0,0
5.07,9.61,44.21,4.95,98.59,40.72,1500,1547,1.35,1,0
10.22,22.1,71.29,7.21,91.12,67.34,3500,2554,5.83,4,2
10.06,20.64,77.67,7.98,91.42,71.11,3500,2589,5.08,3,2
4.91,9.98,45.6,4.93,98.6,40.32,1500,1495,1.34,0,0
4.72,9.4,46.68,4.9,98.72,38.25,2000,1982,1.47,1,0
10.48,20.09,74.91,7.13,91.68,67.97,3500,2859,5.42,4,2
8.2,14.72,54.46,5.7,96.78,51.33,3000,2899,3.08,0,1
16.91,35.53,89.68,10.93,86.48,88.54,4000,1854,9.41,6,3
6.89,15.94,53.72,5.52,96.19,52.23,3000,2708,2.95,1,1
4.61,10.28,46.98,5.14,98.76,40.97,2500,2475,1.6,1,0
8.1,12.74,52.95,5.59,96.1,52.21,2000,1841,3.1,0,1
16.99,33.55,89.4,10.28,85.28,85.59,4000,2428,9.49,7,3
8.3,13.14,57.83,5.75,95.59,54.09,2500,2271,3.46,3,1
10.02,19.54,70.73,7.82,90.55,71.72,3500,2522,5.5,4,2
19.98,31.46,90.11,9.5,84.11,93.25,4000,2383,7.89,5,3
23.07,35.54,100.48,9.67,87.23,88.34,4000,2051,7.67,8,3
7.48,15.33,54.55,5.72,95.47,51.12,3000,2894,3.49,1,1
5.45,9.03,43.25,5.2,98.72,38.4,2500,2476,1.37,0,0
5.04,10.89,43.92,4.87,98.64,41.1,2500,2546,1.56,1,0
10.88,21.98,76.91,7.55,91.91,66.05,3500,2705,5.96,3,2
6.67,12.53,55.66,5.81,96.41,52.41,3000,2754,2.71,3,1
5.06,10.94,43.88,5.08,98.45,40.35,2500,2473,1.42,0,0
12.62,19.6,76.98,7.23,91.09,67.48,3500,2665,6.46,6,2
5.41,9.63,45.28,4.96,98.76,38.88,2000,1964,1.68,0,0
12.43,19.72,75.53,7.8,91.24,72.49,3500,2828,6.32,6,2
7.8,15.45,52.85,5.77,95.49,49.94,2000,1835,2.71,2,1
18.16,33.53,94.23,9.54,85.43,85.32,4000,2318,8.89,7,3
10.33,21.98,74.63,7.45,93.37,70.88,3500,2822,5.44,5,2
7.0,14.91,56.25,6.01,96.25,52.37,2500,2316,3.45,2,1
20.81,38.22,96.37,10.06,87.45,86.56,4000,2268,9.22,8,3
18.52,36.62,101.98,10.77,84.52,89.25,4000,1716,7.09,7,3
10.57,20.52,74.21,7.2,93.05,73.7,3500,2741,5.22,3,2
11.71,24.58,75.36,7.64,90.57,67.2,3500,2702,5.14,2,2
6.75,13.0,57.65,5.95,95.26,49.37,3000,2756,3.42,2,1
4.66,9.12,44.98,4.96,98.63,38.46,2500,2529,1.55,1,0
4.52,9.01,44.13,4.85,98.66,39.58,2000,1997,1.57,0,0
20.96,36.28,101.18,10.41,82.82,90.47,4000,1622,8.12,8,3
5.14,9.2,43.09,4.88,98.39,41.65,2000,2032,1.36,0,0
12.74,24.5,71.08,7.22,93.24,68.32,3500,2509,5.76,3,2
12.17,24.4,78.5,7.11,90.95,66.12,3500,2605,4.57,4,2
11.05,21.35,76.03,7.99,90.68,70.56,3500,2653,6.44,5,2
5.01,9.29,46.82,5.17,98.48,39.52,2000,1954,1.6,0,0
12.25,19.31,78.09,7.74,92.22,68.69,3500,2778,6.29,5,2
21.45,38.16,91.2,9.02,83.86,91.76,4000,2492,8.56,5,3
4.71,9.33,43.05,4.87,98.27,40.24,2500,2480,1.65,1,0
11.13,19.2,75.66,7.65,90.62,70.76,3500,2787,6.41,5,2
5.42,10.58,46.28,4.97,98.5,40.36,2500,2524,1.66,0,0
5.27,9.51,43.45,5.19,98.48,40.93,2500,2514,1.31,1,0
8.03,13.28,52.3,5.69,95.8,50.35,2000,1736,3.14,1,1
8.26,15.44,52.18,5.58,95.92,53.13,2000,1893,2.89,3,1
20.58,32.4,99.9,10.24,86.94,94.58,4000,2064,9.74,8,3
4.98,10.2,45.38,5.06,98.75,41.41,1500,1474,1.67,0,0
4.92,9.71,45.01,4.84,98.24,39.9,2500,2498,1.6,0,0
4.95,9.15,45.11,4.82,98.5,38.3,2000,2046,1.54,1,0
21.98,35.02,97.33,9.65,86.81,89.39,4000,2305,8.47,9,3
4.79,9.52,45.1,5.08,98.57,40.03,2500,2545,1.55,1,0
8.46,14.25,57.23,5.61,95.42,49.3,2000,1793,3.23,3,1
5.33,9.14,43.26,5.17,98.25,39.53,1500,1545,1.42,0,0
4.69,10.97,43.12,4.9,98.35,38.37,2500,2527,1.57,1,0
8.32,13.51,55.12,5.55,96.61,54.73,2000,1771,2.57,2,1
12.99,19.64,75.92,7.51,92.07,67.31,3500,2881,6.11,4,2
5.03,9.61,46.03,5.02,98.63,39.82,2000,2011,1.3,1,0
7.14,12.62,57.33,5.6,95.38,51.85,2500,2267,2.62,1,1
12.08,20.08,77.57,7.2,91.74,66.69,3500,2776,6.05,3,2
4.73,9.82,45.94,5.01,98.56,38.91,2500,2493,1.51,1,0
22.58,32.73,87.82,10.21,84.01,87.55,4000,1945,7.47,8,3
13.69,21.33,70.44,7.83,91.07,73.94,3500,2864,6.3,5,2
11.07,20.62,71.35,7.27,91.4,71.31,3500,2642,5.43,3,2
5.08,10.81,44.95,5.09,98.61,41.04,2500,2451,1.62,0,0
11.05,20.38,71.41,7.42,92.06,68.42,3500,2875,6.15,3,2
13.95,22.77,74.79,7.05,90.91,68.93,3500,2574,5.96,4,2
19.44,37.81,89.51,10.85,85.83,89.34,4000,1681,9.08,10,3
5.42,9.77,46.47,5.15,98.34,38.96,2500,2512,1.44,1,0
4.61,9.94,43.23,5.1,98.6,40.65,2000,1983,1.45,1,0
5.07,9.05,44.35,5.12,98.5,38.19,2000,1985,1.63,1,0
4.66,9.38,46.34,4.95,98.48,40.07,2000,1973,1.54,0,0
4.66,9.79,44.3,5.02,98.41,39.68,1500,1495,1.63,1,0
7.22,12.75,54.31,5.99,95.71,49.03,2500,2331,2.6,3,1
6.69,14.96,57.73,5.51,96.08,52.43,3000,2836,3.24,0,1
4.95,10.79,46.34,5.14,98.56,41.79,2500,2467,1.49,1,0
5.42,10.54,45.14,5.15,98.47,38.79,2000,2015,1.38,0,0
16.76,33.95,96.35,9.2,82.26,85.07,4000,2074,9.2,8,3
17.63,36.64,91.47,9.09,87.92,91.97,4000,2495,8.75,6,3
5.31,10.7,44.6,4.96,98.62,41.4,2500,2517,1.53,0,0
11.84,22.5,76.13,7.6,92.96,71.49,3500,2869,5.34,4,2
20.54,39.9,99.95,10.61,85.05,93.12,4000,2368,9.09,10,3
7.19,14.62,56.8,5.63,96.55,53.62,3000,2782,3.31,1,1
16.39,33.87,94.69,10.87,86.24,90.38,4000,2151,9.33,6,3
6.59,15.05,55.61,5.51,95.89,51.82,2500,2308,3.15,2,1
12.12,19.5,76.38,7.75,93.24,69.83,3500,2898,6.07,3,2
4.67,9.42,45.07,5.01,98.74,39.12,1500,1507,1.31,1,0
5.4,10.82,43.2,5.07,98.46,39.57,2500,2535,1.3,0,0
12.6,20.13,70.18,7.46,92.37,66.25,3500,2564,5.88,5,2
17.04,32.31,96.75,11.0,85.5,94.19,4000,1826,10.72,10,3
10.8,22.98,74.83,7.19,93.2,68.26,3500,2663,6.17,3,2
7.84,13.59,54.97,5.75,95.54,50.42,3000,2879,3.48,2,1
5.43,10.2,43.81,5.18,98.37,39.43,2000,2003,1.55,1,0
12.29,21.48,73.09,7.86,90.78,72.84,3500,2710,5.5,4,2
10.42,22.13,78.57,7.34,91.0,73.9,3500,2761,4.53,2,2
19.21,39.92,89.72,10.1,83.27,86.37,4000,1644,10.71,7,3
11.77,20.25,74.19,7.41,91.91,69.6,3500,2843,5.8,6,2
8.03,13.85,55.88,5.62,96.3,52.13,2500,2289,2.95,0,1
7.36,13.75,55.01,5.82,96.16,49.92,3000,2705,3.31,3,1
12.76,23.01,77.5,7.17,93.34,71.22,3500,2773,4.56,3,2
18.52,37.5,92.61,10.91,87.38,91.41,4000,2329,10.48,5,3
4.72,9.88,43.9,5.01,98.45,38.06,2000,2005,1.5,0,0
8.5,13.33,54.29,5.66,95.24,52.18,3000,2896,2.83,3,1
7.08,14.12,57.44,5.5,96.3,52.89,2000,1893,2.57,0,1
7.65,14.08,53.26,6.04,96.07,49.35,2000,1836,2.78,3,1
4.65,9.8,44.33,4.83,98.29,39.55,1500,1523,1.4,1,0
10.82,24.93,71.0,7.93,90.65,73.52,3500,2850,6.04,5,2
5.41,10.26,44.09,5.17,98.52,39.83,2500,2519,1.64,1,0
4.84,10.88,44.22,5.03,98.34,39.47,1500,1510,1.61,0,0
4.71,10.28,45.23,5.06,98.46,38.96,2500,2484,1.49,1,0
4.89,10.77,43.94,5.11,98.27,38.27,2500,2458,1.56,1,0
7.05,15.37,52.23,6.01,95.28,50.91,2000,1886,2.59,3,1
5.06,10.76,44.55,4.94,98.34,39.82,1500,1495,1.55,1,0
22.84,39.24,87.17,9.16,84.57,85.22,4000,2260,9.74,9,3
5.32,10.2,45.81,4.86,98.45,41.55,2000,2040,1.34,1,0
4.91,9.77,45.6,4.83,98.37,39.16,1500,1480,1.59,1,0
13.09,19.09,76.05,7.62,90.61,66.78,3500,2867,6.45,4,2
4.9,10.29,44.59,5.09,98.55,41.6,1500,1526,1.53,0,0
11.69,23.12,76.98,7.96,90.51,69.48,3500,2831,5.67,2,2
20.96,33.53,100.5,10.58,83.63,88.59,4000,1672,8.35,6,3
4.89,9.17,43.25,4.83,98.35,40.85,2000,2027,1.67,0,0
5.0,10.59,45.87,5.1,98.6,41.84,2000,2005,1.42,0,0
4.64,9.56,46.43,5.11,98.76,39.62,2000,2015,1.42,1,0
8.03,12.24,56.91,5.53,96.04,54.43,2500,2218,2.52,2,1
11.8,21.32,78.08,8.0,92.26,66.65,3500,2824,4.5,6,2
5.42,9.78,46.33,4.83,98.53,41.8,2000,1981,1.52,1,0
5.31,9.06,46.68,5.06,98.46,41.08,1500,1539,1.49,1,0
8.24,15.49,53.83,5.53,96.64,50.47,2000,1713,2.52,0,1
5.03,10.06,46.26,5.05,98.22,40.11,2000,2017,1.34,0,0
7.18,15.66,56.67,5.81,96.5,52.75,2000,1828,3.15,1,1
7.2,14.17,54.2,6.02,95.46,53.92,3000,2882,3.2,3,1
4.62,10.09,45.09,5.2,98.7,41.61,2500,2495,1.58,0,0
12.78,21.75,72.01,7.08,90.72,73.86,3500,2643,5.05,5,2
5.32,9.96,45.68,4.87,98.59,41.29,2000,1959,1.6,0,0
10.06,22.19,70.56,7.05,91.41,72.16,3500,2542,4.9,2,2
6.8,12.16,55.67,6.05,96.77,52.18,2000,1704,2.76,1,1
7.72,15.3,57.14,5.54,95.49,53.84,3000,2783,3.4,1,1
14.0,21.73,77.68,7.65,93.36,72.57,3500,2506,6.37,2,2
5.26,9.55,43.96,5.05,98.55,38.21,2000,2036,1.4,0,0
7.72,15.2,53.71,5.98,96.72,53.45,3000,2812,3.41,1,1
11.0,20.83,70.05,7.83,91.82,68.05,3500,2546,4.94,3,2
17.45,39.06,94.89,10.95,84.69,93.65,4000,1614,8.3,8,3
7.03,15.25,57.58,5.65,96.43,51.56,2000,1769,3.13,2,1
10.49,24.3,72.96,7.81,93.34,66.55,3500,2887,5.21,3,2
22.8,38.05,89.36,9.9,87.66,93.57,4000,2182,10.69,5,3
5.14,10.54,45.6,5.11,98.63,39.71,2000,2020,1.52,0,0
22.56,35.94,97.27,9.92,86.56,93.41,4000,2446,9.76,5,3
4.87,9.64,45.3,5.01,98.61,39.75,2000,1968,1.69,1,0
10.03,24.1,79.0,7.15,92.99,69.93,3500,2578,6.36,4,2
4.85,10.14,46.54,4.82,98.47,39.19,2000,2049,1.52,1,0
5.32,10.99,46.08,4.96,98.3,41.6,2500,2474,1.42,1,0
5.2,9.63,46.16,5.04,98.23,41.98,2500,2470,1.44,1,0
11.5,22.88,70.37,7.23,92.25,69.5,3500,2604,6.39,6,2
12.27,21.19,78.96,7.88,92.47,73.35,3500,2714,5.3,5,2
4.63,9.12,45.19,5.15,98.63,38.87,2000,1985,1.36,1,0
19.92,34.45,96.14,10.91,82.34,89.78,4000,2308,10.57,7,3
5.07,9.3,43.11,5.03,98.4,40.48,2000,2015,1.43,0,0
7.24,12.17,54.75,5.88,95.56,53.58,3000,2701,2.83,2,1
13.02,20.32,75.99,7.65,92.51,72.11,3500,2697,5.28,6,2
4.88,9.96,43.29,4.97,98.29,39.74,1500,1530,1.65,0,0
7.7,14.29,57.27,5.81,95.68,52.13,2000,1876,3.26,1,1
4.6,9.08,44.85,4.89,98.47,39.85,1500,1527,1.46,1,0
4.53,9.9,45.25,4.92,98.57,39.3,1500,1474,1.34,0,0
11.32,23.5,79.63,7.06,91.37,71.71,3500,2641,4.61,2,2
20.96,36.46,97.74,10.8,82.34,88.75,4000,2140,10.53,5,3
6.71,14.93,57.98,6.03,96.65,53.12,2500,2366,3.42,1,1
4.57,10.12,44.93,5.01,98.39,40.26,2000,1952,1.52,1,0
4.65,9.0,46.03,4.87,98.51,41.69,2000,2016,1.5,1,0
6.58,12.35,54.86,5.76,96.2,53.84,2000,1794,2.94,0,1
6.84,15.65,53.22,5.54,96.54,53.62,3000,2854,3.47,1,1
8.34,15.88,56.84,6.04,96.15,54.92,2000,1731,2.55,2,1
13.91,21.13,73.74,7.89,91.68,72.05,3500,2720,6.45,4,2
10.24,24.52,78.75,7.47,92.12,73.68,3500,2795,5.25,3,2
4.98,10.47,46.31,4.9,98.32,39.99,2500,2531,1.55,1,0
5.23,9.81,46.53,4.95,98.53,40.73,2500,2523,1.55,0,0
5.49,9.27,46.9,5.14,98.71,40.29,2000,1958,1.62,1,0
16.26,33.34,100.33,9.37,85.19,93.82,4000,2159,7.71,5,3
11.95,24.87,76.59,7.27,91.45,70.32,3500,2736,5.73,3,2
10.03,22.96,79.2,7.24,92.39,70.87,3500,2634,4.64,5,2
11.61,21.63,73.26,7.43,93.37,67.93,3500,2847,4.5,3,2
4.8,10.71,45.58,5.11,98.58,38.04,1500,1526,1.58,0,0
20.81,34.85,100.48,9.84,86.72,92.12,4000,2416,8.66,7,3
7.85,13.06,57.59,5.68,96.12,50.3,2000,1797,2.61,2,1
12.03,23.09,77.36,7.61,90.53,67.64,3500,2578,4.77,6,2
16.55,39.66,95.08,10.74,84.11,91.4,4000,2366,10.41,5,3
7.61,15.6,55.15,5.62,96.43,50.32,3000,2871,2.61,0,1
4.69,10.46,44.19,4.89,98.68,40.25,1500,1470,1.53,0,0
8.37,12.56,54.63,5.89,96.73,52.46,2500,2281,2.53,2,1
7.74,14.67,56.74,5.77,95.84,51.75,3000,2798,2.62,2,1
6.64,12.42,56.52,5.72,96.05,53.62,3000,2770,3.37,0,1
7.72,14.38,53.54,5.76,96.64,52.94,2000,1831,3.33,2,1
5.23,10.18,46.54,5.14,98.58,41.28,2000,2048,1.51,0,0
13.4,21.19,76.92,7.18,92.14,67.97,3500,2691,4.6,4,2
12.86,21.1,74.73,7.93,92.13,71.92,3500,2536,6.47,4,2
13.47,24.55,71.28,7.27,91.25,68.93,3500,2617,6.33,6,2
4.67,9.18,44.47,5.11,98.76,39.75,1500,1491,1.33,0,0
8.4,12.08,54.9,6.05,95.5,54.43,3000,2848,2.86,1,1
12.38,22.22,71.08,7.28,91.29,67.1,3500,2666,5.81,4,2
22.6,37.97,96.53,10.07,85.49,89.37,4000,2146,8.22,10,3
7.9,12.07,53.07,6.08,95.2,50.64,2500,2229,2.88,3,1
5.15,10.56,44.51,5.07,98.52,40.98,2000,2039,1.69,1,0
7.53,13.02,52.26,5.79,96.52,53.49,2000,1711,2.65,1,1
7.07,13.4,57.0,6.02,95.67,54.53,2000,1864,3.38,3,1
4.78,10.52,43.93,4.84,98.6,40.09,2000,1983,1.32,1,0
7.91,13.25,52.15,5.58,95.52,52.78,2000,1797,2.86,1,1
19.8,36.23,93.0,9.21,83.4,89.67,4000,2365,7.66,7,3
6.76,15.93,53.96,5.78,96.16,54.71,2500,2221,2.93,3,1
23.57,39.94,88.13,10.86,82.38,90.4,4000,1993,8.59,8,3
20.76,36.03,101.16,9.88,84.06,86.92,4000,1689,7.3,9,3
13.56,22.29,72.69,7.89,92.87,71.89,3500,2516,4.97,2,2
12.27,23.9,78.01,7.28,91.7,69.11,3500,2721,4.54,3,2
11.03,22.18,77.63,7.97,93.06,66.12,3500,2779,6.19,2,2
19.57,32.15,95.61,10.45,87.02,86.0,4000,1837,8.66,5,3
13.68,20.13,75.57,7.44,93.18,72.43,3500,2858,5.73,2,2
6.74,13.91,54.28,6.02,96.69,51.78,3000,2841,2.87,2,1
6.99,15.18,57.64,5.81,95.37,52.09,3000,2896,2.84,0,1
7.17,13.44,56.43,5.83,95.38,53.89,2500,2335,2.7,1,1
16.81,32.71,91.52,9.22,85.23,85.48,4000,1891,10.87,10,3
8.49,15.32,54.17,5.89,95.54,50.49,3000,2825,3.09,0,1
13.81,22.96,76.63,7.9,93.17,72.83,3500,2823,5.64,5,2
7.38,12.15,54.89,5.55,95.72,49.31,2000,1881,2.51,1,1
13.09,19.15,77.02,7.58,92.17,66.5,3500,2814,4.61,6,2
16.91,38.55,99.68,10.44,86.76,86.48,4000,1834,8.32,5,3
13.78,21.75,70.55,7.4,90.55,70.87,3500,2696,5.9,4,2
7.19,14.92,57.58,5.69,95.43,52.59,2000,1814,2.63,3,1
5.45,9.17,46.28,5.1,98.45,38.8,2500,2500,1.32,1,0
7.97,12.5,52.02,5.72,95.6,50.46,2000,1896,2.52,2,1
23.91,31.27,97.74,9.62,84.39,90.39,4000,1910,9.3,5,3
7.36,12.45,57.98,5.98,95.29,54.02,3000,2715,3.45,0,1
7.78,12.23,55.95,5.75,96.44,53.32,2000,1828,2.7,0,1
4.63,10.93,46.73,5.05,98.64,39.0,2000,2001,1.53,1,0
18.8,36.33,92.09,10.27,82.92,91.25,4000,2470,10.66,9,3
17.39,35.75,89.48,10.29,84.56,89.19,4000,2013,9.35,8,3
4.74,10.49,46.49,5.15,98.58,39.4,1500,1465,1.59,1,0
17.81,36.01,98.19,10.18,83.45,93.54,4000,1612,8.25,10,3
7.08,12.04,52.45,5.52,96.79,52.33,3000,2891,3.14,1,1
10.38,22.13,75.7,7.91,92.81,71.53,3500,2646,6.18,4,2
11.52,22.96,77.56,7.51,92.93,72.62,3500,2538,5.13,4,2
5.32,10.35,43.71,4.97,98.67,39.79,2500,2526,1.65,1,0
6.99,14.06,54.99,5.82,96.1,53.29,2000,1763,2.85,2,1
6.94,14.98,57.91,5.94,96.09,51.91,2000,1755,3.26,0,1
4.87,9.49,44.36,5.12,98.49,41.94,2500,2498,1.59,1,0
4.53,10.21,44.78,4.82,98.39,38.75,1500,1517,1.37,1,0
13.74,20.85,74.92,7.69,91.73,66.57,3500,2771,5.56,4,2
6.85,15.41,57.19,5.56,96.09,51.72,2500,2353,3.14,0,1
7.31,12.09,52.29,5.97,95.97,50.7,2500,2364,2.74,2,1
23.36,36.45,96.31,10.52,84.94,85.44,4000,1762,10.88,8,3
17.93,30.44,88.27,9.69,85.55,92.02,4000,1639,10.38,5,3
23.14,38.27,93.59,10.02,85.97,88.46,4000,1603,9.32,5,3
7.69,14.16,57.22,6.03,96.79,53.02,3000,2887,3.22,3,1
5.35,10.26,44.18,4.96,98.59,38.35,2500,2533,1.44,0,0
8.01,15.55,54.26,5.56,96.29,51.98,2500,2314,3.3,1,1
4.58,9.95,46.64,5.16,98.32,41.58,2500,2488,1.63,1,0
22.37,31.2,96.49,9.29,83.63,94.19,4000,2015,7.79,9,3
6.78,14.57,54.17,6.1,96.38,53.94,2000,1863,2.94,0,1
7.42,13.48,52.11,6.09,95.54,51.24,2500,2293,3.14,3,1
5.13,9.42,44.77,5.09,98.27,39.53,1500,1464,1.34,1,0
12.57,23.97,75.18,7.63,91.22,73.17,3500,2805,4.61,3,2
6.54,12.4,53.76,5.72,96.43,49.15,2500,2252,2.98,3,1
5.13,10.23,43.92,5.18,98.47,40.55,2500,2462,1.55,1,0
7.12,13.19,53.73,5.64,95.87,50.44,2000,1726,3.31,2,1
19.96,36.89,99.14,9.86,82.01,88.64,4000,2221,9.61,9,3
5.27,9.67,45.44,5.13,98.26,41.05,2000,2003,1.36,0,0
4.51,10.69,43.69,5.07,98.48,39.07,2000,2005,1.54,1,0
23.1,31.28,93.86,9.45,86.3,86.58,4000,2171,7.21,8,3
6.59,12.01,52.99,5.59,95.62,52.89,2500,2322,3.46,3,1
23.89,30.91,95.67,9.04,87.31,86.79,4000,2424,10.45,6,3
5.12,10.51,44.72,4.86,98.43,38.66,1500,1541,1.31,0,0
13.65,20.51,76.96,7.01,92.07,70.77,3500,2513,6.25,3,2
19.22,39.79,98.42,9.32,85.22,89.23,4000,2418,10.9,9,3
10.38,23.95,71.52,7.36,90.83,68.7,3500,2770,5.07,5,2
6.52,12.01,55.62,5.66,96.48,52.45,3000,2860,2.73,0,1
11.24,24.31,72.28,7.93,92.9,66.6,3500,2670,4.89,5,2
11.22,23.2,75.73,7.25,91.55,68.68,3500,2878,6.32,4,2
5.11,9.76,43.94,4.83,98.59,39.79,2500,2521,1.61,1,0
6.85,12.75,55.41,5.52,95.7,52.54,3000,2741,3.11,3,1
4.92,10.32,44.9,5.18,98.36,39.4,1500,1527,1.3,0,0
5.19,10.23,46.2,5.1,98.49,38.88,2500,2504,1.67,0,0
11.54,21.02,71.81,7.07,93.25,72.51,3500,2520,4.51,2,2
8.0,12.77,57.1,6.08,95.65,53.79,2000,1754,3.04,2,1
4.58,10.38,45.69,4.84,98.29,41.74,2500,2472,1.35,1,0
8.19,15.4,52.68,6.04,96.65,52.43,3000,2803,3.2,2,1
10.27,24.7,73.6,7.87,92.87,71.02,3500,2781,6.22,5,2
4.65,10.09,44.73,4.82,98.66,40.65,2500,2471,1.59,1,0
5.25,9.14,44.63,4.97,98.33,41.34,2000,2031,1.62,0,0
7.61,13.57,55.4,5.97,96.36,50.53,2000,1722,3.35,2,1
22.87,36.53,88.01,10.71,83.17,92.55,4000,1586,7.93,10,3
10.68,20.71,70.86,7.66,91.03,70.84,3500,2898,6.42,6,2
7.97,13.5,56.74,5.53,96.46,54.27,2000,1882,3.34,0,1
11.61,21.88,75.17,7.8,93.39,70.7,3500,2644,5.89,4,2
4.56,10.78,44.27,4.94,98.75,38.57,2500,2520,1.7,0,0
5.07,10.77,44.68,4.95,98.26,39.87,1500,1468,1.49,0,0
17.9,33.32,98.89,9.14,87.71,92.98,4000,2367,9.13,8,3
21.7,37.46,99.24,10.63,87.05,87.74,4000,1553,8.16,7,3
10.16,19.03,70.41,7.37,93.37,66.38,3500,2610,5.56,4,2
17.29,30.98,102.06,9.04,87.26,89.85,4000,2435,9.88,5,3
5.16,9.13,43.25,4.92,98.73,38.42,1500,1535,1.47,1,0
6.59,14.35,54.82,5.74,96.66,49.09,2000,1792,3.5,0,1
19.14,32.21,96.12,9.2,82.62,87.59,4000,2192,7.03,6,3
13.9,23.27,77.37,7.43,92.01,72.0,3500,2723,6.07,3,2
11.23,23.83,73.98,7.72,93.48,73.1,3500,2608,6.19,4,2
13.79,22.02,72.4,7.81,93.24,72.52,3500,2578,6.06,5,2
7.95,12.99,57.82,5.64,95.38,49.09,3000,2861,3.1,3,1
7.23,15.09,55.59,5.83,96.63,53.65,2500,2338,2.87,0,1
13.36,24.84,71.89,7.64,93.31,71.51,3500,2899,6.15,4,2
5.03,9.62,46.69,4.94,98.51,39.8,2500,2486,1.52,1,0
19.59,35.89,102.22,9.54,84.61,86.3,4000,2049,7.03,6,3
12.11,20.67,72.34,7.8,91.1,68.2,3500,2776,5.68,5,2
7.0,12.1,57.59,5.5,96.27,50.94,3000,2804,2.7,2,1
11.37,23.47,79.03,7.02,93.44,72.59,3500,2839,4.99,4,2
13.45,20.33,74.32,7.83,92.91,73.05,3500,2875,5.4,4,2
13.67,23.9,71.71,7.63,93.36,68.43,3500,2686,5.9,6,2
8.15,12.39,53.34,5.92,95.64,50.52,2500,2288,3.23,0,1
4.53,10.7,45.73,5.16,98.8,38.09,2000,1954,1.43,1,0
7.89,15.97,53.14,5.7,95.42,53.45,2500,2201,2.82,0,1
5.39,9.37,44.16,4.87,98.6,40.5,2500,2525,1.51,0,0
5.43,9.44,44.87,5.07,98.49,40.37,1500,1538,1.61,1,0
20.25,30.44,97.7,9.99,87.1,92.14,4000,2022,10.72,6,3
10.33,21.88,77.77,7.82,91.49,68.4,3500,2640,6.44,5,2
13.81,24.17,77.65,7.56,93.49,69.41,3500,2815,5.03,4,2
7.71,14.33,53.24,5.72,96.09,49.32,2500,2326,3.26,1,1
5.22,9.89,43.82,5.05,98.59,39.07,1500,1471,1.55,1,0
17.46,33.26,95.63,9.18,82.98,92.51,4000,1861,10.22,6,3
11.59,21.65,75.98,7.35,93.25,68.11,3500,2728,6.37,3,2
6.93,14.83,55.45,5.74,96.25,49.08,3000,2733,2.53,3,1
13.07,23.44,72.06,7.3,92.94,68.37,3500,2685,5.34,3,2
11.68,19.68,73.08,7.77,90.87,72.59,3500,2733,6.35,5,2
12.26,19.05,77.63,7.17,92.69,67.42,3500,2801,5.27,2,2
22.36,35.88,99.56,9.04,87.53,93.16,4000,1517,8.62,6,3
6.63,13.01,57.06,5.54,95.47,51.15,3000,2898,3.46,0,1
17.24,30.63,93.67,9.36,86.83,90.47,4000,1544,9.02,9,3
8.39,13.04,56.02,5.85,96.63,51.74,2000,1751,3.47,2,1
6.68,13.48,57.48,5.96,96.68,54.32,2500,2396,3.38,3,1
11.0,22.64,72.66,7.34,91.44,68.05,3500,2559,4.98,2,2
4.52,10.24,45.3,5.08,98.47,39.56,2500,2485,1.68,0,0
20.31,32.14,98.73,9.41,82.97,94.94,4000,2345,10.86,7,3
18.48,36.59,95.75,9.27,87.43,85.85,4000,1704,7.8,10,3
7.61,12.01,54.9,5.96,96.63,51.2,2500,2273,2.8,2,1
22.83,32.52,88.12,9.53,87.68,93.18,4000,2496,10.18,5,3
18.63,34.0,88.69,9.83,86.22,92.08,4000,2461,9.1,7,3
16.22,32.39,95.98,10.42,82.16,90.08,4000,2144,10.68,9,3
7.9,12.05,52.63,5.53,96.09,51.92,2500,2298,3.1,3,1
11.89,24.8,70.61,7.27,91.44,73.35,3500,2705,5.48,4,2
10.83,19.84,70.18,7.24,91.43,73.38,3500,2792,6.02,2,2
7.76,13.41,56.62,5.9,95.86,52.68,2500,2324,2.61,3,1
22.35,30.66,99.62,10.1,84.1,90.65,4000,2218,7.5,10,3
21.68,38.33,93.69,9.08,86.64,86.4,4000,2154,7.28,5,3
4.99,10.49,43.2,5.15,98.61,40.61,2000,1974,1.64,1,0
10.35,19.85,74.47,7.62,92.36,67.3,3500,2579,6.26,4,2
7.82,15.96,53.81,5.93,96.68,54.57,2500,2233,2.61,3,1
12.25,19.56,72.26,7.18,92.65,71.66,3500,2506,5.9,6,2
7.85,15.46,53.83,5.85,96.78,52.52,3000,2776,2.52,0,1
10.94,20.1,75.59,7.93,93.23,73.23,3500,2772,6.1,6,2
13.16,22.84,70.22,7.54,91.14,68.31,3500,2793,5.71,6,2
5.19,9.66,44.15,5.01,98.22,38.79,1500,1545,1.46,0,0
11.0,21.04,74.23,7.23,91.07,70.67,3500,2578,6.07,4,2
8.26,12.64,55.15,5.75,95.32,49.84,3000,2841,2.95,3,1
12.63,22.87,73.68,7.32,91.87,72.96,3500,2508,6.34,3,2
12.99,23.79,72.24,7.39,91.99,66.66,3500,2594,5.05,3,2
11.28,20.37,75.16,7.3,92.74,73.63,3500,2580,5.42,5,2
7.49,13.23,53.45,5.63,95.22,51.79,2500,2224,3.23,2,1
10.23,20.32,71.29,7.54,92.14,73.58,3500,2702,6.27,4,2
4.8,10.49,46.21,4.95,98.48,41.89,1500,1471,1.35,1,0
7.18,12.29,53.46,6.09,96.23,52.54,2000,1723,2.81,0,1
21.13,30.46,96.47,10.15,84.64,94.19,4000,1844,9.87,5,3
16.63,33.48,91.92,10.96,82.32,93.12,4000,1545,8.3,5,3
21.76,39.82,95.9,10.06,82.66,89.68,4000,1652,10.64,7,3
10.76,23.61,70.17,7.61,91.4,69.65,3500,2683,6.4,4,2
4.6,10.32,46.18,4.85,98.44,40.02,2500,2498,1.48,1,0
4.81,10.27,44.91,4.91,98.67,41.97,1500,1471,1.67,1,0
6.75,12.11,57.71,5.77,96.76,53.8,3000,2818,2.77,1,1
6.94,12.7,54.17,5.94,95.44,50.03,2000,1801,3.04,3,1
7.02,12.81,54.06,6.01,96.13,51.38,2500,2386,2.69,2,1
4.88,9.17,46.72,5.09,98.47,38.48,2500,2469,1.52,0,0
10.08,21.21,76.19,7.81,90.92,69.0,3500,2550,6.21,3,2
21.65,32.58,95.4,10.14,87.15,93.54,4000,2476,10.16,6,3
11.47,21.07,70.56,7.93,91.31,69.4,3500,2643,5.68,4,2
8.12,15.39,52.5,5.88,96.65,52.34,2500,2205,3.17,2,1
12.99,24.29,72.34,7.64,91.58,67.94,3500,2893,6.26,6,2
22.26,30.38,93.24,10.04,82.0,94.31,4000,2327,7.52,5,3
14.0,21.57,79.41,7.69,90.86,68.62,3500,2767,5.95,5,2
13.33,22.13,77.82,7.36,91.89,72.89,3500,2688,4.56,2,2
13.25,19.84,71.52,7.05,92.36,71.53,3500,2790,4.85,4,2
22.55,36.89,94.26,9.93,87.98,90.44,4000,2192,10.44,8,3
13.11,22.07,73.64,7.2,91.83,71.8,3500,2848,6.08,4,2
8.21,13.87,55.94,5.66,96.75,52.72,2500,2345,3.47,1,1
8.07,15.66,55.7,6.07,96.39,49.58,3000,2845,2.84,2,1
7.69,14.87,55.35,5.67,96.76,50.0,2000,1878,2.73,0,1
22.58,39.42,91.25,10.21,82.94,85.37,4000,1661,10.97,9,3
12.77,22.57,77.07,7.88,91.71,70.4,3500,2654,4.96,4,2
6.84,15.61,54.72,5.72,95.43,53.79,2500,2305,3.21,3,1
7.47,13.29,52.12,5.54,95.85,50.32,3000,2875,2.89,1,1
18.93,30.04,99.92,10.0,86.39,88.9,4000,2049,10.95,5,3
6.87,12.16,56.81,5.8,96.3,50.6,2500,2206,2.8,0,1
5.29,10.53,43.67,4.91,98.3,40.01,1500,1523,1.68,1,0
19.14,32.92,92.61,10.08,87.7,91.27,4000,1529,7.44,8,3
17.9,39.82,94.94,10.98,87.1,92.42,4000,2232,9.76,6,3
23.56,32.88,92.98,9.1,82.27,91.65,4000,1584,9.91,7,3
8.31,15.5,52.3,5.9,96.53,54.48,3000,2853,2.81,0,1
16.3,34.08,92.93,9.98,82.33,90.71,4000,2052,10.16,8,3
13.54,24.52,74.12,7.26,92.06,67.73,3500,2727,5.51,3,2
10.92,23.06,76.74,7.12,91.67,73.39,3500,2727,5.7,6,2
5.07,9.91,46.03,4.87,98.63,39.37,1500,1457,1.35,1,0
13.58,20.03,74.5,7.97,92.91,73.06,3500,2593,6.22,5,2
19.28,33.23,94.52,9.19,83.77,90.2,4000,1683,10.85,9,3
4.71,9.75,43.91,5.14,98.28,38.34,2000,2024,1.32,1,0
7.1,15.55,57.07,5.93,96.69,50.11,2500,2216,2.74,3,1
8.12,12.46,57.77,5.91,96.55,52.79,2000,1702,3.47,0,1
5.4,9.44,46.2,5.14,98.79,39.0,2000,2016,1.37,1,0
19.66,36.72,92.74,10.55,83.15,85.43,4000,1908,10.27,5,3
7.04,12.1,56.15,5.64,95.91,53.89,2000,1827,2.97,3,1
16.07,30.66,89.56,9.7,86.25,89.0,4000,1754,10.12,6,3
5.49,9.05,46.1,4.82,98.36,38.22,1500,1454,1.63,0,0
19.27,35.24,97.54,10.11,85.66,88.64,4000,1688,7.2,5,3
4.62,10.71,46.18,5.18,98.65,40.23,1500,1451,1.54,1,0
5.27,10.24,46.4,5.14,98.38,39.61,2500,2479,1.52,0,0
13.72,19.64,79.89,7.94,92.41,72.81,3500,2638,4.6,6,2
4.84,10.76,45.88,4.95,98.23,38.55,2500,2527,1.32,1,0
4.92,9.27,44.28,4.94,98.46,39.13,1500,1481,1.48,0,0
10.9,19.47,78.32,7.34,90.89,66.15,3500,2680,5.17,4,2
7.46,13.26,55.02,6.05,95.88,49.77,2000,1840,3.31,2,1
11.19,22.9,78.98,7.47,93.02,70.97,3500,2539,5.72,3,2
8.08,12.57,57.14,6.04,96.24,53.27,2500,2224,2.51,0,1
5.41,9.36,43.18,4.92,98.25,41.78,2500,2482,1.32,1,0
17.42,39.45,89.81,10.97,85.92,86.69,4000,1616,7.87,10,3
19.58,34.12,96.82,9.21,83.4,88.44,4000,2150,9.3,10,3
5.03,9.87,45.28,5.15,98.49,38.63,2000,2014,1.63,0,0
4.72,10.67,43.83,4.86,98.45,39.38,2000,1980,1.33,1,0
4.59,9.6,44.18,4.82,98.73,40.16,1500,1505,1.68,0,0
7.43,13.57,55.96,5.83,95.3,53.5,2500,2341,2.54,3,1
12.66,20.42,75.85,7.61,91.93,72.73,3500,2594,5.83,2,2
4.76,9.63,43.22,5.18,98.73,39.17,1500,1521,1.69,1,0
7.57,15.83,53.1,5.6,95.59,52.79,2500,2272,3.41,2,1
12.15,24.21,77.48,7.05,91.98,68.99,3500,2568,5.47,3,2
23.94,33.65,94.88,10.04,84.97,92.09,4000,1982,7.89,9,3
11.32,20.29,73.35,7.49,91.67,67.69,3500,2601,5.59,5,2
19.08,34.61,87.23,9.49,82.63,85.25,4000,1629,10.51,6,3
11.84,20.83,78.53,7.99,91.5,68.41,3500,2776,5.35,4,2
7.65,12.96,55.78,6.08,95.91,51.9,2000,1796,3.42,3,1
7.89,14.18,55.06,5.67,96.26,53.74,2500,2214,3.41,0,1
11.7,20.23,73.83,7.93,93.2,69.37,3500,2804,6.09,2,2
13.51,19.1,79.7,7.39,90.93,68.77,3500,2710,5.68,5,2
4.58,10.71,44.73,5.16,98.37,41.26,2500,2478,1.58,0,0
16.2,37.77,88.15,9.39,85.69,86.49,4000,1944,7.08,10,3
13.82,22.86,71.5,7.79,92.54,70.73,3500,2824,5.51,3,2
21.44,30.31,91.49,9.6,82.46,94.03,4000,2151,8.52,10,3
8.03,14.04,56.61,5.54,95.58,54.67,3000,2778,2.56,0,1
5.2,9.85,46.59,5.08,98.64,41.35,1500,1471,1.67,0,0
5.02,10.35,45.76,5.14,98.68,40.58,1500,1547,1.4,0,0
21.45,38.26,87.18,9.04,84.93,94.86,4000,1624,10.68,7,3
20.65,34.24,97.54,10.73,85.73,94.78,4000,2362,7.54,9,3
5.14,10.42,44.1,5.11,98.59,40.09,2000,2010,1.35,1,0
5.05,10.77,45.28,4.81,98.38,41.27,2500,2539,1.58,0,0
4.81,10.36,45.2,5.09,98.64,41.25,2500,2524,1.68,0,0
7.83,13.49,55.1,5.61,96.36,52.74,2500,2357,3.24,3,1
21.87,30.45,93.62,10.17,85.72,94.4,4000,1511,7.69,10,3
12.49,23.4,74.23,7.65,90.94,66.45,3500,2834,5.39,6,2
17.99,35.3,95.7,9.63,84.52,92.01,4000,1782,9.56,5,3
23.88,35.04,102.3,10.76,85.17,92.62,4000,1680,9.23,7,3
19.6,36.1,102.84,10.35,87.37,91.12,4000,2364,9.93,6,3
4.64,10.66,46.46,4.91,98.31,41.61,2500,2456,1.66,1,0
5.46,10.64,43.46,5.08,98.67,38.14,1500,1459,1.56,1,0
5.38,9.78,45.47,4.87,98.49,39.21,1500,1542,1.55,1,0
17.24,36.17,87.81,9.22,85.35,93.16,4000,2038,8.84,8,3
7.45,14.29,57.43,5.95,95.31,53.77,2500,2281,3.01,1,1
4.72,9.01,43.01,5.05,98.24,40.43,2000,2028,1.56,1,0
5.23,10.83,46.51,4.8,98.36,40.09,2500,2450,1.42,0,0
18.88,34.94,94.09,9.0,85.41,94.11,4000,1789,8.56,10,3
5.1,10.55,45.69,4.86,98.37,40.13,2500,2540,1.52,1,0
4.73,9.56,43.53,5.16,98.68,39.48,2500,2499,1.62,0,0
6.85,15.92,52.5,5.81,96.75,53.77,2000,1766,2.98,1,1
5.0,9.14,44.97,4.85,98.46,41.22,2500,2513,1.38,1,0
13.04,24.94,71.53,7.06,93.08,67.93,3500,2504,4.66,2,2
5.37,9.43,43.57,5.13,98.46,39.66,2500,2545,1.55,0,0
5.29,9.42,44.39,4.85,98.49,39.01,2500,2529,1.44,1,0
4.58,9.74,43.67,5.0,98.22,38.06,1500,1468,1.55,1,0
4.58,10.09,43.96,4.85,98.33,40.73,2500,2492,1.49,0,0
7.86,12.59,56.2,6.01,96.31,50.92,3000,2848,2.97,3,1
12.78,23.93,77.78,7.98,92.33,71.28,3500,2512,6.31,3,2
18.55,35.68,88.76,9.02,85.88,94.73,4000,2465,8.19,10,3
6.76,15.58,54.72,6.01,96.54,52.06,2500,2250,2.53,1,1
5.39,9.31,43.88,4.88,98.36,40.77,2500,2529,1.33,1,0
17.39,36.61,87.92,9.95,83.25,88.62,4000,1860,9.82,5,3
22.92,37.55,97.12,9.38,83.96,93.99,4000,2431,8.3,6,3
10.43,21.14,70.75,7.07,92.05,73.52,3500,2658,4.83,5,2
18.62,30.5,99.28,9.74,85.98,85.85,4000,1833,10.11,7,3
13.97,20.37,70.23,7.92,92.69,67.52,3500,2525,6.25,2,2
10.49,20.55,74.05,7.38,93.13,72.41,3500,2518,6.21,6,2
12.12,22.21,78.87,7.57,92.6,69.97,3500,2597,4.72,6,2
23.93,35.36,95.64,10.42,85.8,86.03,4000,2170,9.89,7,3
7.47,15.86,56.78,5.68,96.34,54.43,2500,2361,2.95,2,1
4.79,9.74,43.51,5.02,98.7,38.1,2500,2468,1.62,1,0
22.88,36.27,99.38,10.23,86.62,88.91,4000,2184,9.1,8,3
10.53,22.1,74.45,7.93,91.92,66.71,3500,2722,6.22,5,2
6.89,13.27,57.71,5.84,95.5,52.45,2000,1824,2.81,2,1
6.71,12.38,54.31,5.79,95.53,52.32,2500,2279,3.44,2,1
17.28,36.84,102.41,9.17,84.0,85.19,4000,1908,10.83,10,3
5.33,10.03,44.22,5.11,98.5,41.41,2000,2019,1.49,0,0
17.71,30.13,100.5,10.07,85.49,89.58,4000,2308,7.76,9,3
8.16,14.41,55.85,5.66,95.93,51.0,2000,1866,2.78,2,1
13.11,20.16,71.41,7.92,91.25,72.55,3500,2695,5.79,3,2
5.11,9.82,44.94,5.04,98.47,39.92,2000,2045,1.33,1,0
11.39,23.46,79.37,7.9,92.54,72.82,3500,2747,6.48,2,2
13.89,22.1,72.74,7.65,92.84,73.63,3500,2885,5.1,4,2
4.98,10.93,44.73,4.95,98.48,38.86,2500,2511,1.44,1,0
21.45,33.36,98.63,9.18,84.39,88.56,4000,2468,8.78,6,3
11.79,20.24,74.66,7.15,93.19,66.86,3500,2745,4.64,4,2
11.48,22.84,72.43,7.83,90.58,68.41,3500,2772,6.0,2,2
7.48,15.18,57.76,5.81,96.16,52.27,2000,1863,2.95,1,1
5.15,9.41,44.28,4.88,98.31,38.08,2500,2450,1.5,1,0
4.74,10.58,46.92,4.84,98.29,41.98,1500,1538,1.35,1,0
12.91,23.37,71.86,7.96,90.87,69.31,3500,2837,5.08,6,2
7.05,15.36,56.33,5.75,96.41,51.32,2500,2262,3.49,0,1
7.86,13.26,53.61,5.76,95.73,54.63,2000,1784,3.41,3,1
6.84,12.91,56.88,5.86,96.28,51.5,2500,2362,2.62,3,1
20.37,37.56,93.25,10.98,87.99,94.64,4000,1834,7.4,8,3
19.88,34.16,100.41,10.36,86.83,92.35,4000,2431,7.79,5,3
6.77,15.93,57.5,5.86,95.84,52.53,2000,1877,3.43,0,1
22.44,37.38,88.09,10.77,85.4,94.77,4000,1866,7.17,8,3
10.42,23.34,74.53,7.36,92.89,69.42,3500,2730,5.02,4,2
20.24,36.39,95.46,9.23,87.81,92.91,4000,2235,8.37,9,3
4.88,9.51,44.34,4.93,98.41,40.09,2500,2519,1.54,1,0
18.08,39.57,91.93,9.3,84.44,89.34,4000,2036,7.15,6,3
22.93,31.94,102.91,10.38,82.13,87.9,4000,1820,10.11,7,3
11.75,24.21,76.19,7.4,92.81,67.45,3500,2816,5.05,4,2
12.87,21.41,75.72,7.37,93.49,73.61,3500,2682,4.52,3,2
11.31,21.23,76.32,7.46,90.74,66.54,3500,2633,5.09,2,2
11.39,23.16,76.48,7.93,90.71,68.55,3500,2777,6.09,5,2
22.73,33.55,98.85,10.03,82.96,93.28,4000,2144,8.16,7,3
6.52,14.03,52.96,5.91,96.06,52.86,3000,2896,3.07,2,1
12.27,19.8,75.28,7.16,91.97,70.89,3500,2737,5.38,3,2
23.65,30.27,92.14,10.83,82.26,93.41,4000,1775,9.95,10,3
17.85,37.83,91.12,10.76,85.0,92.08,4000,2342,9.16,6,3
13.96,24.92,70.08,7.12,90.97,67.43,3500,2844,6.16,6,2
7.58,12.49,53.52,5.88,96.43,50.53,2500,2344,3.49,1,1
22.43,37.11,90.22,9.56,85.37,93.58,4000,2045,7.14,10,3
5.39,10.99,45.61,5.1,98.54,38.92,2500,2477,1.38,0,0
5.36,9.77,43.48,4.93,98.79,41.96,2500,2503,1.68,1,0
8.3,14.79,56.0,5.78,95.83,54.92,2500,2374,2.62,2,1
6.59,15.44,53.85,5.62,95.93,51.55,2500,2243,2.76,3,1
11.99,22.17,74.25,7.5,92.75,67.05,3500,2662,5.03,6,2
5.13,10.99,43.98,5.0,98.41,38.78,1500,1531,1.56,1,0
13.23,21.77,70.26,7.48,92.52,71.66,3500,2771,5.02,6,2
5.26,9.37,43.95,5.18,98.62,39.61,2000,1985,1.4,0,0
6.69,15.86,52.43,5.71,96.31,51.55,2000,1891,3.2,3,1
13.93,20.85,72.81,7.09,91.26,67.64,3500,2783,4.78,2,2
7.99,12.04,54.8,5.75,96.6,54.06,2500,2216,2.84,2,1
17.13,38.47,96.21,10.16,83.24,94.04,4000,1555,10.66,5,3
20.32,33.08,94.55,9.02,85.31,92.4,4000,2499,10.55,5,3
7.7,14.34,52.75,6.05,95.87,51.62,3000,2819,3.14,2,1
4.68,10.38,44.99,5.07,98.33,40.45,1500,1476,1.44,0,0
4.73,9.44,44.37,5.2,98.2,38.34,1500,1539,1.65,0,0
20.85,30.71,102.89,10.66,82.07,88.49,4000,1757,8.23,10,3
17.58,31.11,95.48,9.59,83.78,92.82,4000,2487,9.3,6,3
20.53,36.97,91.62,9.48,84.34,94.84,4000,2088,7.75,7,3
22.61,30.5,98.13,10.98,82.24,93.68,4000,1560,9.95,6,3
20.09,34.61,90.49,9.69,84.5,87.48,4000,2245,7.85,5,3
4.73,9.24,45.23,5.09,98.61,38.03,2000,1950,1.47,0,0
7.26,14.63,57.89,6.05,96.22,50.09,3000,2810,2.52,3,1
12.17,22.71,78.35,7.99,93.36,71.24,3500,2529,4.84,2,2
16.75,38.09,89.05,10.78,82.91,85.87,4000,2206,7.42,5,3
11.79,24.78,71.9,7.22,90.53,73.36,3500,2530,4.61,3,2
12.76,21.88,77.45,7.17,92.07,71.15,3500,2822,5.41,3,2
21.69,31.09,102.82,10.75,85.19,88.69,4000,1665,9.76,6,3
16.11,30.52,97.2,10.76,83.78,90.52,4000,1522,7.66,8,3
19.78,31.11,90.79,10.83,86.31,94.16,4000,1613,8.53,10,3
11.93,19.03,79.15,7.99,93.28,68.95,3500,2785,6.28,6,2
8.21,12.22,52.19,6.04,96.74,49.37,3000,2793,3.14,3,1
6.85,13.61,54.79,5.96,95.32,51.61,3000,2851,3.04,0,1
12.56,19.66,72.02,7.75,91.72,71.69,3500,2616,5.76,6,2
11.2,20.56,75.51,7.97,92.05,70.51,3500,2589,5.63,4,2
6.51,14.56,53.83,5.8,95.21,50.13,3000,2832,3.04,1,1
13.86,22.87,78.99,7.55,92.54,66.78,3500,2840,6.45,6,2
8.09,13.7,53.69,5.97,95.66,50.22,3000,2781,2.64,1,1
4.71,10.85,46.71,4.85,98.22,41.8,2500,2479,1.38,1,0
6.57,13.95,54.24,5.53,95.4,51.09,2000,1875,3.0,1,1
8.38,14.86,52.18,5.87,95.24,50.25,3000,2722,3.38,0,1
7.2,14.64,54.29,5.88,96.08,49.93,2500,2212,3.38,3,1
21.06,31.33,97.39,10.49,85.05,86.19,4000,1792,7.93,9,3
6.52,15.56,55.81,5.58,96.8,53.49,3000,2749,2.85,1,1
4.97,9.3,43.94,4.99,98.76,39.46,2500,2502,1.53,1,0
10.1,24.65,71.62,7.28,91.31,69.65,3500,2666,6.4,3,2
21.09,31.53,96.88,10.77,86.61,87.29,4000,2090,9.38,8,3
7.95,14.69,57.29,6.0,96.18,50.98,3000,2790,3.06,3,1
22.43,39.51,92.11,10.36,85.78,85.04,4000,1966,7.7,8,3
11.77,22.39,73.28,7.79,92.03,69.09,3500,2662,6.03,2,2
13.55,23.82,71.84,7.35,93.02,68.98,3500,2677,5.97,6,2
13.36,20.34,76.65,7.41,92.75,70.07,3500,2548,6.04,5,2
23.79,33.86,98.24,10.28,86.86,86.26,4000,2432,10.28,9,3
5.39,9.36,44.57,5.15,98.62,40.19,2500,2455,1.42,1,0
21.82,30.57,102.31,10.12,87.18,94.91,4000,1647,9.87,10,3
12.0,21.75,73.83,7.08,93.16,69.56,3500,2678,6.07,5,2
10.05,21.76,74.69,7.78,91.63,72.89,3500,2554,5.2,2,2
12.91,20.24,72.43,7.45,93.08,70.12,3500,2833,5.57,3,2
12.28,22.28,75.35,7.08,92.83,73.44,3500,2740,6.02,3,2
7.15,13.8,52.18,5.88,96.3,50.65,3000,2700,2.55,0,1
4.84,10.51,43.67,4.92,98.65,38.06,2500,2456,1.53,1,0
4.64,9.07,46.44,4.83,98.52,38.09,2000,2028,1.39,0,0
11.83,23.08,72.5,7.52,90.96,66.62,3500,2830,5.92,2,2
7.66,14.87,52.22,5.81,96.78,53.59,2000,1769,2.67,2,1
12.25,19.3,77.09,7.83,92.03,69.29,3500,2524,4.65,5,2
7.16,15.7,52.36,5.87,96.45,53.31,2000,1794,2.58,0,1
11.47,22.83,73.37,7.61,93.27,67.0,3500,2887,5.93,2,2
4.55,9.19,43.62,5.13,98.66,39.38,1500,1545,1.4,0,0
11.06,22.07,78.92,7.26,92.38,68.79,3500,2540,4.96,2,2
13.29,20.85,77.68,7.42,92.43,73.75,3500,2890,5.82,4,2
4.88,9.49,46.86,4.9,98.37,41.92,2500,2535,1.47,0,0
17.99,34.48,95.21,9.9,85.75,94.63,4000,2205,7.71,5,3
4.64,10.08,45.88,5.16,98.44,39.33,1500,1451,1.62,1,0
5.35,10.23,44.51,5.15,98.62,38.92,2000,2038,1.56,1,0
12.84,22.13,79.84,7.52,92.29,70.4,3500,2685,5.68,3,2
22.42,39.78,87.01,9.74,87.11,86.35,4000,1756,9.79,10,3
23.72,30.98,95.29,10.22,82.35,85.67,4000,1818,8.25,5,3
12.99,21.48,72.23,7.63,93.44,67.87,3500,2850,4.78,3,2
7.81,14.21,55.66,5.76,96.23,52.67,3000,2847,2.89,3,1
4.74,9.02,43.66,4.97,98.41,40.79,1500,1501,1.35,1,0
5.3,9.78,45.95,4.9,98.23,38.03,2000,1970,1.44,0,0
17.89,38.97,92.12,10.57,82.14,93.38,4000,2267,10.33,10,3
4.65,9.12,44.04,4.96,98.35,39.98,2000,2007,1.47,0,0
4.54,9.66,43.13,4.97,98.66,41.49,2500,2496,1.57,0,0
12.13,20.15,78.9,7.97,93.25,68.93,3500,2606,6.15,3,2
7.58,14.56,55.0,5.57,96.15,54.54,2500,2391,2.55,2,1
10.09,23.77,79.64,7.61,91.0,70.38,3500,2620,5.92,5,2
22.22,34.13,92.22,10.56,87.19,91.02,4000,2208,7.82,8,3
4.98,10.85,44.47,5.14,98.38,41.75,1500,1516,1.33,1,0
21.52,36.37,87.18,10.61,86.07,93.2,4000,2096,10.51,7,3
10.84,23.48,72.36,7.94,91.99,71.98,3500,2552,6.09,3,2
5.13,10.89,46.19,5.01,98.77,39.14,2500,2532,1.33,1,0
6.54,12.33,54.27,5.77,95.28,54.94,2500,2388,2.62,0,1
7.19,12.1,54.38,5.8,95.83,50.38,2500,2219,3.0,1,1
13.2,24.16,71.36,7.42,91.45,66.06,3500,2797,6.43,3,2
17.01,37.92,93.71,10.25,87.13,92.49,4000,1757,7.59,7,3
8.21,13.54,57.26,5.5,95.46,52.85,3000,2824,2.99,1,1
5.41,9.89,45.71,4.96,98.63,40.11,2500,2463,1.67,1,0
6.85,14.95,53.66,6.05,95.24,49.84,2500,2214,3.42,0,1
17.51,30.2,94.78,9.32,84.93,90.38,4000,2099,8.88,9,3
12.68,19.34,77.71,7.01,92.44,72.13,3500,2735,4.69,6,2
7.31,13.0,52.42,5.85,95.89,54.9,3000,2862,3.42,0,1
5.36,10.38,46.4,5.03,98.41,41.6,2500,2512,1.69,1,0
12.44,21.19,73.04,7.26,93.12,71.65,3500,2815,5.76,6,2
13.05,22.52,74.49,7.72,91.24,71.98,3500,2525,4.68,2,2
19.4,35.37,89.63,10.32,84.6,90.8,4000,1774,10.37,5,3
20.83,37.92,92.48,9.07,84.76,90.74,4000,1723,7.46,5,3
17.57,30.46,97.53,10.62,84.34,90.31,4000,1643,7.22,10,3
10.4,19.94,76.97,7.73,92.3,71.66,3500,2734,5.37,4,2
6.98,13.26,52.7,5.58,95.87,51.1,2000,1766,2.98,0,1
10.38,22.1,70.54,7.11,92.46,73.46,3500,2632,6.36,3,2
7.06,13.82,55.08,5.9,96.73,54.43,3000,2716,2.75,1,1
18.14,37.48,91.24,10.44,84.88,89.01,4000,2486,7.53,8,3
12.37,22.62,78.44,7.52,91.79,66.08,3500,2845,5.66,6,2
10.69,23.98,71.34,7.46,91.27,68.52,3500,2604,4.78,5,2
19.27,31.81,88.57,9.3,87.99,85.32,4000,1985,10.83,5,3
6.53,12.4,55.86,6.06,95.6,54.03,2500,2255,2.78,1,1
4.68,10.41,43.94,5.12,98.64,41.43,2500,2452,1.42,0,0
17.13,33.85,93.45,10.17,84.63,87.49,4000,1962,9.33,6,3
21.51,39.84,102.88,9.38,82.7,85.48,4000,1848,8.64,10,3
4.77,10.7,45.81,5.03,98.45,40.18,2000,1958,1.35,0,0
5.47,11.0,46.05,4.83,98.67,41.13,2500,2490,1.61,1,0
5.11,10.64,43.4,5.06,98.61,41.8,1500,1528,1.45,0,0
5.0,10.54,46.25,5.07,98.54,38.87,2500,2459,1.59,0,0
12.94,22.29,70.65,7.06,91.16,66.44,3500,2690,5.6,4,2
4.57,9.61,43.83,4.81,98.78,41.51,2000,1976,1.5,0,0
5.28,10.68,46.03,4.95,98.5,39.54,1500,1462,1.61,1,0
4.87,10.47,46.02,4.88,98.76,40.09,2000,2007,1.61,0,0
5.46,10.53,43.91,5.02,98.3,40.36,1500,1489,1.54,1,0
4.65,10.22,43.6,4.86,98.57,41.95,1500,1537,1.34,1,0
4.65,9.58,45.82,4.96,98.28,39.07,1500,1524,1.59,1,0
4.97,9.73,45.0,4.87,98.24,41.94,1500,1473,1.41,1,0
20.38,33.82,91.78,10.73,85.0,89.83,4000,2278,9.18,10,3
6.79,13.61,52.32,5.72,95.57,52.96,2000,1809,3.34,3,1
6.53,14.52,52.54,6.06,95.49,50.62,2500,2315,2.81,2,1
4.61,9.96,45.82,4.97,98.69,40.97,2000,1950,1.61,0,0
21.75,35.11,100.95,10.94,86.25,94.4,4000,1916,9.89,5,3
22.31,33.97,88.05,10.91,85.59,90.09,4000,1633,7.89,10,3
18.86,36.35,93.34,9.51,82.25,91.44,4000,1960,9.98,9,3
16.79,37.72,95.53,9.41,87.74,90.48,4000,1532,7.04,6,3
21.73,39.01,87.22,9.54,86.29,94.03,4000,1971,8.74,7,3
11.39,21.15,71.81,7.41,92.55,68.32,3500,2592,4.94,2,2
7.16,14.62,54.65,5.88,96.41,50.95,2000,1887,3.37,0,1
12.54,20.63,73.17,7.94,91.84,66.48,3500,2843,6.48,5,2
6.65,14.07,57.32,5.56,96.11,53.24,2000,1715,3.2,1,1
21.05,36.34,101.02,10.16,82.64,85.55,4000,2237,10.74,5,3
4.93,9.07,44.2,4.86,98.75,38.74,2000,1988,1.46,1,0
4.62,9.97,44.11,5.09,98.71,38.23,2500,2478,1.53,1,0
17.79,36.94,88.18,9.47,87.06,91.72,4000,2328,7.92,8,3
5.16,10.88,44.17,5.13,98.42,40.18,1500,1454,1.56,0,0
10.19,24.07,72.97,7.02,91.44,68.93,3500,2646,6.37,5,2
6.61,14.7,57.72,5.85,95.99,50.25,3000,2750,3.27,0,1
6.58,14.37,54.87,5.86,96.16,54.5,3000,2791,2.51,3,1
10.49,21.04,73.12,7.96,90.55,72.95,3500,2609,5.91,3,2
4.82,9.47,46.57,5.07,98.59,39.81,1500,1526,1.42,1,0
4.64,9.77,43.05,4.98,98.4,41.55,2500,2548,1.53,1,0
10.92,23.06,71.83,7.22,90.64,69.77,3500,2797,5.48,4,2
8.3,12.24,56.38,5.83,96.61,53.15,3000,2839,3.41,0,1
7.57,12.62,54.9,5.82,96.51,54.34,2500,2355,3.34,0,1
7.4,12.75,54.57,5.66,96.64,52.69,3000,2833,2.63,1,1
22.13,31.63,99.7,10.51,87.98,91.96,4000,2251,7.15,7,3
10.06,19.75,78.91,7.89,91.59,67.95,3500,2533,6.45,2,2
23.57,38.4,87.98,9.33,84.33,91.05,4000,1718,9.52,5,3
16.34,34.77,87.42,9.77,86.33,92.73,4000,2245,10.17,6,3
5.33,9.89,43.52,5.17,98.41,39.14,2000,1994,1.59,0,0
10.3,24.2,72.9,7.69,92.39,66.47,3500,2691,5.82,3,2
22.5,30.39,92.18,10.58,84.7,85.05,4000,2143,7.69,6,3
10.19,21.19,78.41,7.08,93.32,72.45,3500,2871,5.92,5,2
7.09,15.49,55.83,5.69,96.68,54.99,3000,2853,3.22,2,1
22.59,36.24,102.23,9.46,83.88,91.48,4000,2247,10.51,9,3
4.57,10.76,45.02,4.99,98.36,40.16,1500,1524,1.36,0,0
8.5,14.79,52.23,5.74,96.64,51.13,2000,1728,3.09,0,1
8.43,13.61,56.94,5.56,95.77,49.35,3000,2800,2.69,3,1
21.44,32.2,101.57,10.02,83.85,89.27,4000,1665,10.83,7,3
12.96,22.66,74.87,7.51,90.72,66.21,3500,2763,5.2,3,2
7.54,15.65,57.27,5.62,95.35,49.29,3000,2710,3.26,0,1
5.42,9.32,45.33,5.08,98.49,39.44,2500,2535,1.44,0,0
12.92,21.87,74.62,7.64,91.28,73.68,3500,2622,5.94,6,2
20.6,34.39,87.08,9.68,85.31,88.27,4000,1937,9.22,7,3
11.2,22.65,70.19,7.61,91.48,73.24,3500,2678,5.49,3,2
23.97,38.11,99.26,10.61,85.22,93.9,4000,1747,10.44,10,3
17.51,37.6,89.15,10.2,86.23,92.1,4000,2039,10.01,10,3
17.46,33.35,102.77,9.61,87.1,93.72,4000,2240,10.76,10,3
4.51,10.46,44.74,5.02,98.65,39.37,2500,2452,1.46,1,0
19.55,37.33,87.57,9.57,82.93,86.0,4000,1842,8.75,9,3
21.52,33.04,91.66,10.12,87.0,87.8,4000,2004,8.97,5,3
4.81,10.04,46.11,5.04,98.6,39.73,1500,1458,1.39,1,0
5.06,9.67,46.86,4.99,98.53,39.72,1500,1539,1.52,0,0
21.7,38.83,99.04,9.73,82.8,87.98,4000,2499,8.51,8,3
20.3,34.29,91.13,10.61,87.18,94.93,4000,1516,8.79,8,3
5.05,10.49,46.94,5.04,98.56,38.03,1500,1523,1.49,1,0
17.95,31.86,92.86,9.14,85.8,88.71,4000,2487,8.04,10,3
8.17,13.99,54.87,6.1,96.63,53.97,2500,2339,3.34,3,1
13.8,21.48,76.25,7.93,93.07,72.22,3500,2845,6.16,5,2
7.68,13.14,53.56,5.62,96.24,51.93,2500,2307,3.34,1,1
4.83,9.2,43.17,4.95,98.38,41.15,2000,1950,1.68,1,0
4.89,10.5,43.65,5.01,98.23,40.23,2500,2483,1.58,0,0
17.18,36.45,89.03,9.27,84.64,92.6,4000,2258,7.24,9,3
7.36,12.75,53.01,5.86,96.0,49.46,2500,2301,3.14,2,1
5.38,9.7,43.06,5.02,98.48,40.53,1500,1458,1.69,0,0
11.76,24.2,73.6,7.99,92.16,66.16,3500,2697,4.55,6,2
8.1,13.7,55.71,5.68,95.84,52.94,2000,1747,2.78,3,1
4.85,9.69,46.47,5.18,98.63,39.79,2000,2022,1.34,1,0
11.36,20.33,70.36,7.53,92.18,71.06,3500,2844,6.4,2,2
21.39,31.8,96.49,9.41,82.27,87.43,4000,1655,7.21,8,3
4.84,10.87,44.43,4.96,98.55,41.1,2000,2001,1.31,1,0
5.06,10.5,43.15,4.97,98.69,38.21,2000,2016,1.59,0,0
17.35,33.39,99.25,9.8,85.47,85.91,4000,1838,7.11,10,3
20.1,30.75,92.68,9.14,85.86,85.33,4000,2457,7.55,6,3
7.79,15.22,56.17,5.92,96.15,54.1,2500,2379,3.26,1,1
21.44,33.98,100.32,10.47,82.83,91.19,4000,2297,8.9,6,3
7.49,12.77,57.37,5.75,96.67,50.45,2500,2356,3.1,0,1
7.38,13.73,55.97,5.71,95.33,50.88,3000,2760,2.97,3,1
22.7,32.81,93.25,10.6,84.14,87.38,4000,2222,7.27,6,3
6.91,13.51,55.76,5.59,96.65,49.44,3000,2734,2.97,3,1
7.28,12.06,53.44,5.74,95.33,53.61,2000,1838,2.79,2,1
5.05,9.11,45.38,5.14,98.37,40.8,1500,1530,1.34,1,0
22.4,37.33,88.21,10.94,86.98,93.02,4000,2447,8.03,9,3
4.69,9.84,44.51,4.95,98.62,41.36,2500,2495,1.57,1,0
8.18,13.75,57.8,6.0,96.4,53.73,2500,2207,2.66,2,1
17.46,33.32,93.13,10.5,85.46,85.07,4000,1842,10.04,6,3
23.28,31.78,101.22,10.16,86.78,90.8,4000,2007,9.41,10,3
11.84,19.12,79.54,7.87,92.81,68.48,3500,2859,5.63,6,2
12.24,19.08,75.85,7.99,91.73,67.96,3500,2561,5.96,3,2
18.87,31.8,93.64,10.06,87.46,90.06,4000,1874,9.93,9,3
6.56,15.68,56.27,5.93,95.43,52.03,2000,1778,3.24,1,1
4.55,10.72,43.87,5.07,98.56,39.96,2500,2512,1.55,1,0
16.14,31.21,97.33,10.0,84.33,90.81,4000,1604,7.1,8,3
16.74,31.82,94.47,9.35,86.02,91.33,4000,2397,10.47,7,3
10.61,24.11,75.04,7.95,93.12,70.12,3500,2747,5.41,5,2
21.02,34.25,102.07,9.2,83.81,88.01,4000,1613,10.28,10,3
6.96,12.29,52.63,5.92,96.0,54.84,3000,2870,3.49,3,1
11.53,23.23,72.84,7.88,91.71,70.48,3500,2776,6.13,6,2
4.59,10.84,46.52,4.91,98.75,41.69,1500,1475,1.62,0,0
6.95,15.75,55.01,5.99,96.5,49.73,2500,2287,3.33,0,1
19.39,33.73,93.82,9.72,82.43,90.78,4000,2323,7.1,7,3
8.29,15.04,57.77,5.73,95.21,52.44,2500,2354,2.68,0,1
23.56,30.67,98.98,9.55,86.89,89.39,4000,2146,10.9,9,3
8.31,12.07,54.76,5.94,95.4,50.7,3000,2733,3.0,1,1
11.07,22.92,79.25,7.6,91.44,68.22,3500,2549,6.36,4,2
4.87,9.52,43.41,5.05,98.26,38.83,2000,1999,1.47,0,0
12.11,21.08,78.28,7.53,91.84,67.64,3500,2607,6.39,3,2
4.77,9.73,46.42,5.12,98.2,41.7,2500,2474,1.42,0,0
4.93,9.59,44.98,5.14,98.35,40.49,2500,2537,1.51,1,0
16.64,38.4,90.69,10.33,87.07,86.24,4000,1995,7.21,8,3
18.98,34.47,88.39,9.34,84.68,86.65,4000,1694,8.95,10,3
4.81,10.62,45.48,4.9,98.61,41.26,2500,2469,1.39,1,0
6.63,14.81,54.31,6.04,95.75,49.4,2500,2309,3.31,0,1
8.33,14.72,56.89,6.04,95.84,50.57,2500,2358,2.65,2,1
8.23,13.93,53.48,5.6,95.72,52.82,3000,2746,3.3,2,1
7.84,15.35,52.08,5.74,95.66,54.65,2000,1714,2.63,0,1
4.51,10.9,46.04,4.81,98.48,40.93,2500,2467,1.59,0,0
7.06,12.93,57.67,5.8,96.3,52.87,3000,2724,3.38,0,1
11.92,23.37,73.39,7.43,93.17,66.96,3500,2802,5.03,4,2
7.93,13.84,54.2,5.93,95.37,50.98,2500,2286,3.27,2,1
21.47,30.62,99.88,9.08,87.25,89.75,4000,1706,10.74,5,3
6.54,14.71,56.24,6.02,95.82,52.25,3000,2793,3.06,3,1
4.86,10.08,46.43,5.01,98.32,41.55,2500,2514,1.45,0,0
4.95,9.66,43.09,4.92,98.56,41.78,1500,1536,1.4,0,0
8.25,13.31,55.2,6.03,96.09,51.13,2000,1838,3.06,0,1
12.54,20.16,77.17,7.97,91.91,66.93,3500,2634,5.27,4,2
12.26,21.27,71.07,8.0,91.14,72.24,3500,2501,4.88,6,2
22.84,30.53,88.96,9.6,86.58,86.08,4000,1903,7.42,7,3
4.79,10.83,46.6,4.83,98.35,40.99,2500,2472,1.68,1,0
4.87,9.54,45.33,5.11,98.32,41.29,1500,1534,1.31,1,0
22.07,36.67,88.34,9.67,87.06,91.97,4000,1563,8.88,7,3
19.97,33.05,102.52,10.26,83.43,90.75,4000,2006,9.57,6,3
10.41,20.48,77.98,7.08,91.05,70.25,3500,2799,4.61,3,2
7.72,13.68,54.09,5.6,95.87,49.59,2500,2271,3.41,1,1
5.43,9.49,46.43,5.08,98.76,39.85,2500,2540,1.6,0,0
13.93,23.56,76.69,7.78,91.27,69.8,3500,2557,4.51,4,2
11.15,20.66,77.88,7.24,93.48,68.28,3500,2896,6.23,4,2
5.4,10.47,45.71,5.11,98.32,41.61,1500,1536,1.42,0,0
7.2,15.44,54.77,5.54,96.79,49.86,3000,2798,2.91,3,1
17.29,32.51,89.83,10.09,82.76,92.17,4000,2078,10.46,9,3
4.57,10.25,46.75,5.17,98.26,40.77,2000,1959,1.58,0,0
12.25,22.35,78.26,7.93,92.82,70.68,3500,2702,5.92,3,2
8.18,13.48,56.56,5.85,96.66,49.73,3000,2827,3.0,1,1
11.43,22.94,76.41,7.69,91.3,67.27,3500,2765,4.67,3,2
6.75,14.66,53.19,6.08,95.4,51.01,3000,2790,3.23,3,1
5.37,10.16,46.75,4.81,98.78,38.41,2000,2030,1.67,1,0
13.16,19.63,79.52,7.98,92.35,73.86,3500,2795,5.68,2,2
6.9,14.58,57.63,5.65,96.27,49.82,2500,2297,3.03,0,1
19.92,37.69,90.32,9.04,87.39,87.96,4000,2177,8.1,9,3
5.14,10.06,46.74,5.05,98.38,38.24,1500,1482,1.5,1,0
4.6,9.2,46.3,5.01,98.46,38.53,2500,2519,1.63,0,0
5.03,9.03,44.07,5.19,98.43,38.4,2500,2542,1.55,0,0
18.21,32.15,101.85,9.66,86.95,90.97,4000,2186,7.95,10,3
5.0,10.27,45.22,4.95,98.62,39.81,2000,1984,1.36,0,0
21.74,37.03,98.85,10.9,84.31,90.49,4000,2271,8.56,8,3
19.96,34.55,95.37,10.42,85.06,85.7,4000,1598,8.59,6,3
4.92,10.71,46.06,4.93,98.33,40.64,1500,1518,1.55,0,0
4.57,10.09,45.84,4.97,98.24,41.13,2500,2470,1.44,0,0
11.36,24.59,75.02,7.38,92.03,69.4,3500,2752,4.73,3,2
4.82,9.39,45.66,5.01,98.38,40.51,1500,1471,1.65,0,0
4.51,9.14,46.92,5.19,98.79,38.08,2500,2500,1.32,1,0
4.55,9.64,45.53,5.18,98.44,38.17,1500,1455,1.32,1,0
12.88,23.54,76.87,7.71,92.45,66.97,3500,2862,6.18,5,2
5.06,9.75,44.3,4.86,98.25,39.31,2000,1966,1.7,0,0
7.69,13.63,54.63,6.05,96.69,51.96,3000,2717,2.67,1,1
19.8,30.28,90.58,9.22,84.55,86.24,4000,2146,8.11,8,3
19.39,38.87,99.61,9.81,83.6,86.01,4000,2188,9.39,6,3
7.92,14.88,56.98,5.81,95.3,53.1,3000,2811,2.6,1,1
16.87,36.92,91.33,10.99,85.75,88.14,4000,2440,9.34,6,3
10.01,19.61,72.61,7.82,93.47,73.67,3500,2576,6.4,6,2
8.3,15.66,57.48,5.96,96.46,51.83,3000,2856,2.82,2,1
20.36,36.42,95.31,9.6,84.04,92.75,4000,1798,9.26,8,3
7.46,12.98,56.77,5.57,96.13,54.81,2500,2348,2.84,0,1
13.33,21.89,72.42,7.68,91.54,71.9,3500,2531,6.07,6,2
5.26,10.57,45.02,4.91,98.5,41.8,2500,2459,1.68,1,0
23.07,34.38,91.72,9.58,82.67,86.17,4000,2126,9.99,8,3
21.08,37.15,87.54,10.94,87.13,88.4,4000,1834,7.41,9,3
22.29,39.94,94.65,9.67,86.06,87.4,4000,2448,7.16,5,3
13.0,24.19,70.11,7.35,90.62,71.34,3500,2541,6.48,2,2
5.09,10.89,46.95,4.96,98.52,38.5,2500,2527,1.66,1,0
10.41,23.19,77.17,7.95,91.52,66.16,3500,2620,4.85,5,2
21.89,30.94,102.0,10.5,87.29,88.62,4000,1907,8.07,7,3
7.32,14.15,57.57,5.59,95.56,52.82,3000,2834,2.77,0,1
10.32,23.4,72.43,7.35,90.82,73.47,3500,2835,5.93,3,2
6.52,14.93,53.69,5.65,96.38,52.46,3000,2839,2.67,1,1
10.1,22.29,79.22,7.37,92.08,73.0,3500,2887,4.69,3,2
16.47,31.65,91.59,10.98,86.42,88.66,4000,1583,9.78,8,3
13.96,22.38,77.14,7.93,92.3,72.95,3500,2713,4.66,4,2
18.87,32.27,99.78,9.85,87.16,90.4,4000,2426,8.38,5,3
5.43,9.48,45.77,4.81,98.78,40.38,2000,1990,1.44,0,0
22.49,39.31,94.87,10.41,87.31,89.79,4000,1684,10.06,8,3
19.16,30.19,101.7,9.58,82.41,88.94,4000,1650,8.03,8,3
4.68,9.68,44.42,4.99,98.32,39.78,2000,1983,1.46,0,0
13.06,24.57,79.14,7.2,90.59,68.8,3500,2723,4.82,4,2
5.15,9.3,46.79,5.18,98.49,39.37,2000,2043,1.57,0,0
6.9,13.49,57.24,5.51,95.73,49.7,3000,2866,3.41,3,1
12.32,24.25,73.44,7.9,92.43,68.59,3500,2782,5.56,6,2
13.72,20.49,75.37,7.43,93.31,73.03,3500,2727,5.83,2,2
5.19,10.3,46.29,5.19,98.62,38.96,2000,2046,1.68,1,0
12.69,24.19,74.76,7.78,92.53,69.38,3500,2691,6.15,2,2
4.89,10.05,43.5,5.02,98.72,41.35,2000,1972,1.37,0,0
18.41,34.11,93.67,9.65,86.7,89.41,4000,2141,9.51,10,3
17.85,38.16,93.13,10.69,82.78,89.29,4000,2452,8.03,10,3
10.02,24.2,72.68,7.59,92.69,71.37,3500,2872,4.55,2,2
13.79,22.39,71.65,7.84,93.37,70.75,3500,2830,5.19,3,2
17.27,38.54,90.61,10.06,85.24,94.85,4000,2427,9.2,6,3
22.68,35.03,98.26,9.98,83.62,86.28,4000,1921,8.47,9,3
10.47,20.17,73.38,7.33,91.6,67.1,3500,2739,4.85,5,2
10.88,21.55,79.88,7.23,93.25,70.38,3500,2628,5.35,2,2
23.42,35.55,100.11,9.26,87.14,85.42,4000,2246,7.71,9,3
6.96,15.68,57.89,6.05,95.55,54.43,2500,2395,3.02,0,1
10.01,22.03,75.53,7.24,92.65,69.39,3500,2644,5.31,4,2
5.47,9.43,43.71,5.02,98.41,38.49,2000,1967,1.3,1,0
5.3,9.45,44.49,5.12,98.72,40.89,1500,1458,1.61,0,0
13.21,24.99,75.64,7.58,92.21,72.27,3500,2767,5.28,3,2
7.66,12.68,54.86,5.62,96.05,49.65,2000,1750,2.69,0,1
13.15,23.81,73.19,7.1,90.7,68.25,3500,2899,5.38,6,2
12.27,21.68,73.44,7.49,90.79,67.25,3500,2807,4.9,3,2
4.94,10.57,46.52,4.85,98.7,38.9,2000,1987,1.42,1,0
22.91,33.62,102.43,9.38,87.01,87.81,4000,1644,10.78,8,3
7.88,13.88,52.04,5.9,96.08,50.47,2500,2391,3.49,0,1
8.21,13.03,55.53,6.08,96.13,52.57,2000,1872,2.92,3,1
8.17,12.67,55.3,6.07,96.53,50.51,2000,1878,3.35,1,1
7.82,13.76,55.45,5.83,95.87,49.13,2500,2253,3.16,3,1
5.27,10.0,46.68,5.06,98.45,38.13,2000,1967,1.43,1,0
8.2,14.85,52.98,5.66,95.85,49.7,2000,1833,2.62,3,1
17.54,39.36,90.87,9.52,82.66,85.5,4000,1792,10.73,7,3
13.14,24.15,73.73,7.68,91.17,73.83,3500,2887,4.62,3,2
23.05,38.18,93.88,9.3,82.09,92.32,4000,2084,9.57,8,3
5.31,9.17,44.6,5.15,98.26,41.07,2000,1990,1.47,1,0
17.14,31.17,102.8,9.95,86.46,92.65,4000,1897,7.4,10,3
7.6,14.38,53.51,5.66,96.05,53.83,2500,2349,3.33,1,1
13.69,24.56,77.94,7.85,91.44,72.6,3500,2656,5.92,4,2
8.38,14.64,53.15,6.05,96.4,54.39,3000,2821,3.39,0,1
5.03,10.72,46.93,5.19,98.43,41.34,1500,1546,1.47,0,0
6.89,15.93,55.91,5.75,96.65,50.58,2000,1767,2.97,0,1
4.59,10.42,43.34,5.16,98.28,41.74,1500,1495,1.44,0,0
4.6,10.3,43.83,5.03,98.72,40.67,2500,2536,1.62,1,0
7.76,14.6,55.53,5.92,95.66,53.37,2500,2302,3.16,1,1
23.57,39.17,90.8,9.28,84.42,88.73,4000,1662,10.77,7,3
22.06,35.14,88.34,9.99,85.91,88.02,4000,2240,8.58,9,3
12.23,21.96,75.06,7.95,92.16,70.18,3500,2636,5.62,4,2
12.17,23.83,71.22,7.13,91.45,68.63,3500,2626,5.54,4,2
7.95,13.08,54.86,5.58,95.27,49.32,3000,2785,2.68,0,1
12.51,21.07,78.44,7.78,93.32,69.03,3500,2698,5.28,4,2
11.36,19.3,74.27,7.61,93.33,72.32,3500,2796,4.74,4,2
21.25,33.8,101.49,9.83,82.49,88.8,4000,1553,7.68,9,3
5.35,9.47,45.23,5.14,98.53,38.04,2000,2011,1.58,0,0
5.46,9.28,46.2,5.16,98.58,38.31,2500,2494,1.31,0,0
6.97,14.55,56.6,5.57,95.84,50.57,3000,2727,2.94,2,1
6.52,15.27,53.78,5.62,95.94,53.8,3000,2785,2.83,0,1
8.06,13.16,53.5,5.84,96.45,52.1,2000,1712,3.36,0,1
22.44,33.62,98.63,9.76,84.74,90.9,4000,2282,7.08,5,3
6.97,15.81,53.59,5.59,95.89,51.48,3000,2801,2.63,1,1
22.77,31.47,98.4,10.12,86.07,85.53,4000,2466,9.98,7,3
6.68,15.57,56.99,5.95,96.38,49.11,2500,2293,2.75,1,1
7.27,12.48,57.87,5.83,96.76,51.57,3000,2717,3.34,1,1
4.71,9.65,46.72,5.18,98.36,41.75,2000,1999,1.44,1,0
13.91,21.9,79.52,7.05,91.47,66.66,3500,2873,5.64,5,2
13.24,23.2,76.98,7.13,91.69,73.23,3500,2872,4.94,5,2
10.04,21.6,75.28,7.18,92.94,70.08,3500,2535,5.71,3,2
11.1,22.13,73.63,7.56,91.69,72.67,3500,2582,5.92,5,2
7.63,13.41,56.86,5.65,95.32,49.37,3000,2780,3.46,2,1
7.65,13.25,52.25,5.89,96.58,49.57,2500,2209,3.43,1,1
17.49,39.3,92.15,10.4,85.74,93.34,4000,1983,10.46,7,3
5.06,9.77,45.79,5.18,98.52,41.58,2000,1967,1.44,0,0
23.62,33.53,102.17,9.91,87.72,88.34,4000,2485,8.72,5,3
22.43,38.7,89.63,10.37,83.22,86.79,4000,1932,10.0,6,3
4.78,10.33,43.32,5.02,98.42,39.6,2500,2548,1.36,0,0
7.42,14.19,52.5,6.09,95.87,49.66,3000,2887,2.58,0,1
16.74,35.75,92.47,10.04,82.77,91.46,4000,2376,7.31,5,3
11.65,24.5,74.48,7.96,92.79,71.73,3500,2808,5.12,4,2
11.23,19.4,78.36,7.88,92.82,70.65,3500,2520,5.65,2,2
16.87,37.2,100.62,9.62,86.73,87.71,4000,1720,8.61,10,3
11.55,21.6,73.44,7.34,93.14,73.49,3500,2771,5.2,3,2
22.4,36.0,97.83,9.32,84.39,92.91,4000,1820,7.85,7,3
21.53,33.35,98.94,10.31,82.51,92.08,4000,1557,8.89,7,3
16.8,31.53,102.09,10.39,87.74,86.9,4000,1756,10.63,7,3
13.36,19.17,76.06,7.69,92.14,69.47,3500,2647,4.52,2,2
12.1,22.44,78.4,7.75,91.14,72.19,3500,2696,5.35,5,2
10.82,22.8,77.15,7.96,92.92,73.55,3500,2702,6.06,4,2
7.34,15.02,57.67,5.6,95.29,51.93,2500,2249,3.28,1,1
23.97,35.22,99.65,9.2,84.52,91.73,4000,2397,8.7,8,3
10.72,24.41,70.97,7.03,92.87,69.1,3500,2760,4.51,6,2
4.62,9.97,43.05,5.13,98.34,39.57,2500,2467,1.53,0,0
7.48,13.14,56.22,5.7,95.6,52.96,2500,2267,2.88,2,1
18.83,36.05,95.99,9.42,86.52,92.87,4000,2353,8.5,7,3
4.71,9.22,44.55,5.08,98.2,41.48,2500,2501,1.62,0,0
5.36,10.44,45.52,5.11,98.71,38.62,1500,1475,1.34,0,0
5.44,10.39,46.08,4.9,98.49,40.76,2000,1991,1.35,1,0
8.14,15.2,55.2,5.56,95.5,49.05,3000,2709,3.3,2,1
10.64,24.9,70.65,7.56,90.82,66.64,3500,2742,6.13,5,2
17.91,35.6,97.42,10.16,82.81,85.72,4000,2435,9.59,7,3
5.1,10.58,43.12,4.87,98.67,39.7,1500,1491,1.56,1,0
11.03,20.37,70.6,7.02,92.91,70.88,3500,2625,6.43,2,2
4.61,10.63,44.28,5.01,98.3,38.6,1500,1496,1.65,0,0
5.49,10.34,45.96,4.96,98.47,41.44,2500,2472,1.33,0,0
12.25,22.54,79.01,7.74,92.35,68.66,3500,2535,4.98,5,2
4.55,9.81,43.97,5.02,98.69,40.6,1500,1526,1.63,0,0
16.44,33.2,95.06,10.76,82.95,93.84,4000,2455,10.17,8,3
21.7,35.7,87.84,10.71,87.59,93.49,4000,1865,7.27,6,3
11.46,19.43,76.22,7.88,92.03,71.34,3500,2775,5.11,4,2
12.64,19.05,70.55,7.55,92.61,72.91,3500,2633,4.71,3,2
6.68,14.68,55.43,5.75,95.88,53.19,3000,2774,3.18,2,1
22.52,33.62,96.38,9.02,86.75,92.77,4000,1863,8.04,8,3
5.23,9.8,44.12,5.09,98.21,38.24,1500,1512,1.62,1,0
18.85,32.05,97.46,10.38,85.2,90.01,4000,1864,7.73,5,3
16.09,38.05,100.59,9.7,87.66,89.05,4000,2421,7.04,9,3
7.7,12.97,55.25,6.0,96.57,50.66,2000,1789,3.05,3,1
16.41,37.84,88.15,10.86,86.11,88.53,4000,1705,9.73,9,3
23.88,31.27,94.12,9.59,86.03,91.54,4000,1987,9.37,8,3
13.74,20.4,71.31,7.72,92.92,69.47,3500,2570,5.97,4,2
20.22,33.36,101.24,9.75,85.01,88.61,4000,2413,10.53,10,3
23.74,31.66,100.08,10.87,84.56,85.7,4000,1513,9.71,8,3
13.49,19.81,74.15,7.87,90.83,67.71,3500,2881,5.02,2,2
7.01,12.83,52.43,5.8,95.57,54.63,2500,2388,3.3,1,1
5.31,10.5,44.64,4.9,98.54,40.85,2500,2519,1.68,0,0
10.38,22.66,79.05,7.91,91.24,69.1,3500,2693,5.45,5,2
13.13,24.66,76.9,7.94,90.75,72.25,3500,2772,4.83,5,2
20.12,30.91,102.26,10.72,84.59,87.63,4000,1976,10.41,8,3
6.74,14.45,56.11,5.92,95.38,51.36,2500,2378,2.98,2,1
18.55,35.3,90.13,9.22,85.59,89.82,4000,2491,7.72,8,3
7.31,13.19,54.66,5.62,95.91,50.37,2500,2365,3.06,2,1
12.72,22.39,79.39,7.15,90.94,68.55,3500,2875,5.01,3,2
16.07,39.36,90.82,9.94,87.88,85.09,4000,2473,10.27,6,3
23.92,32.4,92.75,10.6,82.13,93.26,4000,2286,8.7,7,3
12.04,20.5,73.1,7.58,92.54,72.01,3500,2895,5.43,2,2
16.24,35.95,90.8,10.25,86.93,90.13,4000,2205,9.52,7,3
12.41,23.38,79.39,7.99,91.43,73.25,3500,2899,4.74,5,2
20.45,37.45,99.05,9.79,87.72,88.0,4000,1786,10.63,7,3
16.88,39.75,91.17,10.03,86.21,87.35,4000,2400,10.76,8,3
5.38,9.93,46.75,4.85,98.25,40.37,1500,1528,1.37,1,0
6.66,15.51,52.99,6.04,96.6,53.78,2500,2221,3.14,3,1
20.3,38.5,90.1,10.81,83.6,92.43,4000,2112,8.21,10,3
10.67,21.87,77.23,7.45,93.46,68.39,3500,2888,5.47,6,2
8.17,15.7,57.94,5.74,95.32,54.53,2500,2249,3.14,2,1
22.89,36.09,90.95,10.34,85.13,92.76,4000,2196,7.46,8,3
8.29,12.34,53.24,5.99,96.35,50.5,2000,1881,2.87,2,1
13.73,23.41,74.88,7.11,92.72,72.59,3500,2632,6.29,2,2
5.23,10.18,46.55,5.11,98.63,41.04,1500,1478,1.35,0,0
20.83,36.81,92.47,9.61,87.13,89.04,4000,2197,10.46,7,3
23.62,31.6,102.88,9.73,87.96,90.3,4000,1821,8.14,7,3
21.82,32.6,87.77,9.13,83.49,91.48,4000,1565,7.72,8,3
10.92,19.5,71.75,7.93,92.84,69.33,3500,2603,5.09,3,2
7.82,12.35,57.97,5.52,95.9,49.12,2500,2221,2.71,3,1
13.41,22.99,73.61,7.56,93.32,68.82,3500,2673,4.97,2,2
13.05,19.74,79.74,7.32,92.87,73.2,3500,2891,6.12,3,2
17.47,35.67,96.77,10.73,82.99,86.83,4000,1677,8.77,9,3
8.25,12.51,55.69,6.09,96.5,51.65,2000,1702,2.97,2,1
12.5,21.53,73.54,7.64,90.57,71.14,3500,2770,6.47,4,2
11.14,23.24,79.72,7.74,92.94,69.03,3500,2804,4.8,4,2
5.47,9.21,44.83,5.02,98.58,38.46,1500,1520,1.3,1,0
22.39,31.57,90.98,10.42,85.19,89.51,4000,1587,8.7,9,3
5.13,9.55,44.7,4.94,98.62,41.86,2500,2495,1.44,0,0
10.39,19.12,71.08,7.51,93.32,70.16,3500,2620,5.29,4,2
19.77,31.12,100.17,9.41,84.49,92.52,4000,1946,10.36,7,3
7.14,13.92,53.91,6.02,95.33,54.43,2000,1813,3.11,0,1
16.83,39.95,101.56,9.37,84.51,85.14,4000,1905,7.7,5,3
22.63,38.36,91.51,9.86,86.99,89.43,4000,2221,9.52,5,3
16.9,33.09,89.06,9.15,85.96,92.32,4000,1674,8.44,7,3
19.33,36.25,93.36,10.23,82.52,89.84,4000,2092,8.27,8,3
21.17,32.84,87.27,9.7,87.01,90.44,4000,1610,8.67,9,3
5.07,9.27,45.93,5.14,98.33,40.66,1500,1501,1.38,0,0
7.38,15.89,54.78,5.61,95.58,54.68,2000,1864,3.27,2,1
12.4,23.25,71.65,7.56,90.82,69.08,3500,2743,5.95,2,2
20.02,33.01,98.93,9.92,83.02,87.75,4000,1612,9.21,9,3
4.93,10.16,46.1,5.1,98.5,39.56,1500,1465,1.35,1,0
4.69,9.48,43.1,5.01,98.58,39.68,2000,1964,1.64,1,0
5.17,10.67,43.98,4.9,98.79,39.4,2500,2480,1.43,1,0
7.19,13.05,56.86,5.59,96.37,54.44,2000,1880,2.98,0,1
5.38,9.85,44.66,5.19,98.64,39.63,2000,2033,1.52,1,0
22.01,32.7,102.88,10.22,85.93,87.16,4000,1857,9.28,5,3
4.97,10.88,45.28,5.03,98.22,41.08,2000,1958,1.6,0,0
6.76,15.63,52.31,5.8,95.58,51.17,2500,2338,2.73,0,1
11.59,20.45,74.45,7.86,90.99,68.78,3500,2814,5.06,6,2
7.61,14.23,56.35,5.58,96.63,52.98,2000,1712,3.02,3,1
6.71,12.93,54.74,5.64,96.02,52.46,2500,2356,3.11,2,1
12.32,22.66,77.36,7.63,92.81,73.12,3500,2617,6.01,4,2
16.3,34.9,98.91,10.29,86.67,92.75,4000,2262,9.55,5,3
8.39,14.94,57.49,6.02,96.47,54.85,2000,1880,2.98,3,1
13.08,20.21,72.52,7.77,91.39,67.23,3500,2868,5.27,3,2
8.41,12.7,52.21,5.8,96.29,52.05,3000,2849,3.1,3,1
5.11,10.5,44.06,5.02,98.54,41.78,2500,2531,1.38,1,0
13.22,22.02,75.42,7.4,92.06,67.19,3500,2838,5.38,6,2
17.15,38.1,93.17,9.83,84.07,94.46,4000,2208,7.88,7,3
7.39,14.7,54.42,5.96,95.58,51.36,3000,2700,3.42,2,1
4.65,10.25,45.6,4.86,98.46,40.6,1500,1533,1.31,0,0
6.59,14.4,52.89,5.7,95.95,51.09,3000,2827,2.52,2,1
18.75,32.65,99.95,9.58,83.45,93.29,4000,2164,7.45,9,3
22.61,30.58,90.48,10.39,86.28,87.56,4000,1520,10.7,6,3
22.8,38.83,92.05,10.64,84.32,91.44,4000,1821,8.55,6,3
13.36,19.02,75.75,7.13,91.4,73.02,3500,2506,6.41,6,2
7.4,14.19,54.03,5.53,95.88,49.22,2000,1782,3.19,1,1
21.9,30.43,91.01,10.67,85.73,86.16,4000,1843,10.98,8,3
5.48,10.25,46.69,4.81,98.73,38.81,2500,2463,1.35,0,0
21.42,33.82,92.89,9.85,82.06,89.65,4000,1744,10.07,10,3
12.97,24.51,72.1,7.95,92.17,67.43,3500,2578,5.2,4,2
5.42,10.07,43.99,4.86,98.39,38.54,1500,1474,1.31,1,0
17.68,33.06,88.11,10.52,84.91,91.63,4000,2389,10.14,7,3
11.08,22.16,73.65,7.62,91.94,66.61,3500,2560,4.55,4,2
5.15,9.84,44.51,5.09,98.4,39.36,2000,1950,1.51,0,0
8.0,13.16,53.4,5.79,95.89,54.02,3000,2893,3.49,0,1
8.08,13.67,52.9,5.67,96.04,50.54,3000,2706,3.21,1,1
4.7,9.81,43.49,5.16,98.22,39.71,1500,1489,1.38,1,0
11.59,19.93,78.49,7.13,92.88,68.34,3500,2877,4.85,5,2
7.4,15.9,56.63,5.65,95.42,51.52,2000,1720,2.93,1,1
12.15,21.85,77.2,7.46,93.41,66.4,3500,2605,5.31,5,2
18.22,35.55,90.45,10.93,82.9,90.75,4000,2421,10.97,7,3
4.5,9.48,44.88,5.01,98.26,38.67,2000,1964,1.44,1,0
21.98,30.33,95.82,10.91,87.66,92.39,4000,2195,7.25,7,3
23.11,30.68,90.93,9.42,85.34,94.57,4000,1924,7.38,8,3
8.49,12.23,52.91,6.06,96.41,52.14,2000,1781,2.76,0,1
8.44,14.63,54.24,5.54,95.69,52.34,3000,2878,2.81,3,1
20.77,37.2,102.21,10.68,87.92,86.54,4000,1885,10.36,6,3
10.48,20.14,70.61,7.72,92.98,69.87,3500,2660,6.25,6,2
4.89,10.15,43.84,4.84,98.77,41.82,2000,1951,1.53,1,0
16.62,39.28,98.18,10.91,86.33,90.24,4000,2422,7.65,5,3
4.61,9.6,43.18,5.02,98.57,38.15,2000,1975,1.56,0,0
22.65,36.03,101.38,9.97,82.47,87.73,4000,1870,10.66,8,3
17.55,36.17,89.34,9.66,82.64,89.93,4000,1753,8.1,5,3
8.2,15.51,55.59,5.94,96.47,49.64,2000,1813,3.36,2,1
7.42,12.95,52.96,5.66,96.29,50.12,2500,2387,2.81,3,1
10.47,24.01,77.01,7.6,93.3,70.28,3500,2876,5.48,3,2
11.83,20.13,78.52,7.49,91.35,73.21,3500,2650,5.05,2,2
4.94,9.72,43.49,4.9,98.46,38.56,2500,2462,1.62,1,0
4.75,10.59,45.91,4.97,98.62,41.32,2000,1961,1.4,1,0
12.59,22.94,77.88,7.75,90.81,68.24,3500,2660,4.52,3,2
4.93,9.37,44.8,4.87,98.44,39.94,1500,1543,1.32,1,0
6.6,12.9,54.98,5.61,95.68,51.09,2500,2374,2.61,0,1
4.83,9.34,46.49,5.01,98.57,40.66,2500,2483,1.37,1,0
7.5,12.36,53.64,5.78,96.57,53.81,2000,1894,2.55,1,1
6.85,13.38,57.35,5.81,96.35,51.73,2000,1812,3.24,2,1
5.32,9.48,46.46,4.97,98.67,41.22,2500,2523,1.42,1,0
10.65,20.29,77.76,7.33,93.31,73.1,3500,2845,4.58,5,2
4.85,10.5,43.63,4.81,98.8,38.42,2500,2536,1.64,1,0
5.08,9.35,46.56,4.82,98.54,41.29,2500,2527,1.63,0,0
6.67,12.01,55.71,5.75,95.63,51.43,3000,2806,3.14,3,1
11.46,24.37,79.99,7.4,91.85,66.9,3500,2597,5.09,6,2
6.97,14.88,55.55,5.61,96.13,53.19,2000,1717,2.98,2,1
12.32,22.29,79.28,7.55,92.02,70.62,3500,2807,5.44,4,2
7.4,12.52,52.7,5.74,95.56,52.09,2500,2376,3.34,1,1
5.0,10.05,44.87,5.14,98.34,39.51,2500,2502,1.54,1,0
10.73,22.95,79.38,7.33,91.59,66.1,3500,2680,6.12,3,2
6.54,15.68,56.3,5.63,95.47,49.73,2500,2394,2.83,3,1
16.73,36.06,87.59,9.2,85.53,87.74,4000,2018,7.13,6,3
11.04,20.37,71.91,7.72,93.17,71.46,3500,2845,5.14,4,2
13.83,23.91,73.53,7.71,93.09,71.96,3500,2867,4.57,5,2
5.0,9.4,45.87,4.86,98.58,39.13,2500,2539,1.46,0,0
4.67,10.55,45.01,4.82,98.35,39.22,1500,1495,1.66,1,0
13.65,19.37,73.15,7.13,90.52,69.72,3500,2533,5.79,3,2
7.46,15.13,54.18,5.78,95.31,52.07,3000,2746,2.55,3,1
11.8,24.3,79.71,7.47,90.85,70.1,3500,2835,4.84,4,2
20.09,36.38,100.25,9.78,84.21,88.54,4000,1661,7.5,8,3
5.31,9.39,46.32,5.17,98.3,40.9,2000,2016,1.37,1,0
20.38,31.0,101.35,9.77,85.05,93.99,4000,2478,7.94,8,3
8.34,13.89,55.41,5.94,96.14,50.84,2000,1854,3.32,1,1
7.19,12.98,54.82,5.55,96.52,54.94,2500,2378,3.19,3,1
10.53,19.75,74.75,7.09,91.12,71.12,3500,2759,6.0,3,2
10.86,19.65,77.41,7.27,92.9,67.78,3500,2650,4.76,4,2
7.08,13.07,53.44,5.5,95.33,51.19,2500,2251,2.98,0,1
18.95,30.36,97.14,10.5,86.36,85.8,4000,2266,7.4,7,3
4.92,9.39,43.44,5.12,98.67,39.31,1500,1548,1.43,0,0
6.51,14.74,54.66,5.6,96.75,50.44,2500,2341,2.74,3,1
13.95,23.62,78.38,7.98,90.94,72.36,3500,2568,4.53,5,2
5.08,10.84,43.65,5.14,98.67,41.73,1500,1545,1.55,1,0
7.23,14.15,52.78,5.89,95.92,54.42,2000,1742,2.83,2,1
12.62,20.82,79.76,7.8,91.93,66.58,3500,2687,4.53,5,2
7.19,16.0,53.54,5.84,95.24,51.5,2000,1888,3.14,1,1
8.37,14.08,52.29,5.93,96.49,49.19,2500,2386,3.29,3,1
20.11,37.49,91.19,9.58,84.86,93.65,4000,2197,7.67,8,3
11.4,22.01,73.26,7.87,93.31,71.67,3500,2676,6.26,6,2
5.42,9.65,46.39,5.04,98.63,39.58,2500,2457,1.33,1,0
8.49,13.62,54.74,5.82,95.3,49.21,2500,2201,3.47,1,1
16.59,33.26,93.09,10.86,87.65,93.93,4000,2488,10.83,6,3
6.85,13.36,57.97,5.79,96.61,52.32,3000,2891,2.91,2,1
4.9,9.63,43.39,4.87,98.76,40.07,1500,1502,1.4,0,0
20.97,37.46,92.3,10.49,87.31,87.7,4000,2431,7.41,7,3
16.63,37.01,94.66,10.05,86.19,93.07,4000,1810,10.28,6,3
8.38,14.99,56.67,5.55,95.87,49.61,2500,2307,3.19,1,1
6.91,14.41,53.32,6.07,95.75,53.36,2000,1866,3.29,3,1
21.69,32.61,95.05,9.92,82.19,94.9,4000,1628,9.76,5,3
16.33,30.79,90.14,9.98,84.0,85.48,4000,2223,10.43,7,3
7.28,12.26,56.59,5.57,96.4,53.1,2500,2266,3.03,2,1
11.55,22.46,77.97,7.03,90.65,66.44,3500,2521,5.33,2,2
4.82,10.0,44.36,4.97,98.2,39.96,1500,1485,1.59,0,0
5.11,9.74,44.39,5.15,98.62,41.14,1500,1460,1.67,1,0
7.87,14.61,52.85,5.88,95.7,52.29,2500,2285,3.32,3,1
19.77,34.18,99.66,10.59,84.1,85.78,4000,2145,8.4,6,3
8.11,15.13,53.12,5.76,95.92,49.91,2500,2202,2.78,2,1
5.27,9.55,44.34,4.99,98.72,40.3,2000,2015,1.5,0,0
17.71,31.1,94.6,9.83,85.52,93.22,4000,1613,7.23,6,3
7.59,15.51,55.28,5.55,96.05,49.3,2000,1794,3.26,0,1
19.22,35.61,96.8,9.19,83.55,92.95,4000,1694,9.55,6,3
7.8,13.46,54.45,5.6,96.22,49.23,2500,2264,2.66,0,1
5.02,10.13,44.24,4.89,98.74,41.64,2000,1966,1.44,1,0
22.76,34.65,94.06,9.9,82.33,88.06,4000,1917,9.48,8,3
11.66,19.64,77.76,7.25,90.77,71.8,3500,2896,5.83,4,2
10.18,19.47,76.01,7.76,91.06,73.02,3500,2856,4.82,2,2
11.69,22.14,72.46,7.35,92.32,72.88,3500,2624,6.36,4,2
19.97,32.11,96.83,10.77,82.6,85.46,4000,2206,7.78,6,3
20.1,36.82,95.55,10.44,82.95,86.45,4000,2268,9.55,8,3
21.38,36.36,98.38,9.94,83.29,86.49,4000,2401,7.08,10,3
22.83,35.16,95.44,9.12,84.54,86.38,4000,1729,9.28,5,3
22.0,32.9,90.41,9.88,84.74,93.3,4000,1533,9.21,5,3
11.68,22.54,78.12,7.31,93.37,69.28,3500,2567,5.39,3,2
8.26,12.89,52.3,5.99,96.27,54.98,2000,1773,2.6,0,1
5.23,9.72,44.92,4.97,98.79,38.47,2000,2021,1.62,1,0
7.46,15.45,57.52,6.06,95.65,52.02,2500,2344,2.58,3,1
19.23,34.72,95.69,10.46,86.9,91.86,4000,1631,10.02,8,3
19.2,37.65,89.98,10.25,85.21,90.3,4000,2441,9.13,8,3
5.12,10.31,44.96,5.11,98.66,38.86,1500,1497,1.32,0,0
4.64,9.87,43.45,5.0,98.69,39.52,1500,1492,1.38,1,0
6.51,14.66,52.65,5.73,95.47,50.97,2500,2241,2.79,2,1
12.81,21.78,75.29,7.01,92.66,68.43,3500,2678,5.07,4,2
16.76,30.87,97.38,10.76,85.43,91.61,4000,2267,9.77,8,3
20.82,36.24,91.11,10.97,86.87,89.06,4000,2316,7.25,8,3
21.6,35.52,96.67,9.85,82.92,90.45,4000,1688,8.51,8,3
10.18,21.83,75.24,7.01,91.08,71.94,3500,2832,4.93,6,2
8.19,13.42,55.47,5.63,95.89,49.66,2000,1789,2.93,2,1
23.35,33.25,99.38,9.47,83.7,88.1,4000,2013,7.86,7,3
7.22,15.38,54.44,5.81,96.52,51.12,2500,2293,2.94,1,1
8.14,14.73,53.13,6.08,95.42,51.03,2000,1718,3.29,2,1
4.58,9.56,43.12,4.95,98.66,39.61,2000,2023,1.65,0,0
5.33,10.71,43.86,4.91,98.64,41.67,1500,1492,1.65,0,0
16.97,38.96,92.83,9.85,85.79,92.13,4000,2277,7.64,7,3
12.24,24.26,75.0,7.85,90.87,73.18,3500,2761,6.28,3,2
7.69,12.98,57.04,5.66,96.75,52.49,2000,1708,2.89,1,1
10.66,19.94,76.04,7.86,90.79,68.13,3500,2785,5.89,4,2
5.36,10.89,44.17,4.96,98.55,39.16,2500,2454,1.45,1,0
7.83,15.62,57.83,5.74,95.53,49.58,2000,1715,3.44,3,1
5.33,9.71,44.6,4.83,98.28,40.57,1500,1510,1.56,0,0
17.53,35.67,90.93,9.61,86.75,92.29,4000,2024,9.01,5,3
7.65,13.21,53.02,5.77,95.51,50.93,2500,2229,2.56,0,1
6.66,15.04,57.53,5.88,96.18,52.8,2500,2256,2.65,0,1
4.84,9.97,45.46,5.04,98.65,40.68,2500,2458,1.39,0,0
12.45,21.32,71.96,7.95,90.65,70.0,3500,2605,5.15,2,2
6.65,13.16,57.59,5.71,95.2,51.0,2500,2377,2.91,0,1
10.49,22.23,71.49,7.24,91.79,72.75,3500,2802,5.26,3,2
22.92,34.94,91.3,9.93,82.84,94.76,4000,2156,8.28,8,3
7.79,14.14,56.7,5.72,96.23,54.45,2500,2358,3.18,2,1
16.42,37.22,93.48,10.65,85.43,93.51,4000,1881,10.72,6,3
10.57,21.0,70.44,7.21,92.04,68.52,3500,2597,5.99,6,2
6.87,13.72,55.01,5.78,95.48,49.66,2500,2356,2.53,2,1
11.92,21.69,77.97,7.37,90.82,72.57,3500,2572,5.21,4,2
5.31,10.22,43.73,4.85,98.55,40.17,1500,1453,1.58,0,0
4.74,10.08,46.3,4.97,98.77,40.95,1500,1472,1.31,0,0
7.57,12.0,55.93,5.94,95.59,51.74,2500,2315,3.46,2,1
18.88,35.0,100.64,10.9,87.16,90.47,4000,1889,8.21,7,3
6.87,13.3,53.91,5.82,96.29,51.53,3000,2802,2.57,3,1
5.14,9.42,46.6,5.05,98.46,39.65,1500,1472,1.36,1,0
21.23,35.66,88.8,10.14,83.1,94.94,4000,2447,9.79,7,3
17.81,34.51,98.77,9.47,85.37,94.16,4000,1707,9.63,5,3
10.26,22.61,77.83,7.21,91.68,72.99,3500,2512,5.93,4,2
6.64,13.03,57.15,5.76,95.6,50.12,3000,2780,2.79,0,1
11.71,21.46,70.71,7.12,93.08,66.51,3500,2899,5.2,6,2
7.18,12.96,54.13,5.91,95.7,52.05,2000,1810,3.47,3,1
5.12,10.71,44.14,5.03,98.71,38.65,2000,2005,1.48,0,0
10.69,22.71,74.62,7.36,91.27,67.78,3500,2749,4.66,3,2
7.97,13.59,52.4,5.71,95.58,53.88,2500,2246,3.34,3,1
7.52,15.56,55.14,5.87,95.94,50.48,2500,2310,3.01,3,1
7.87,12.28,53.45,5.59,96.01,49.24,2000,1831,3.23,2,1
4.61,10.48,43.56,5.13,98.78,41.26,1500,1469,1.52,1,0
6.93,13.76,53.55,5.94,95.38,54.32,2000,1850,3.33,1,1
6.59,14.36,54.93,5.51,96.37,53.22,3000,2875,2.64,2,1
22.22,35.17,97.22,10.53,87.66,94.41,4000,2291,10.18,5,3
11.7,19.05,77.27,7.14,91.93,69.02,3500,2884,5.51,2,2
5.21,10.09,43.91,5.02,98.73,40.84,2000,2045,1.58,1,0
10.8,24.56,71.76,7.6,91.41,66.65,3500,2591,5.94,3,2
4.8,9.6,44.39,5.1,98.53,41.79,2500,2521,1.47,0,0
4.6,9.72,43.61,4.95,98.75,38.33,2500,2541,1.54,0,0
13.22,21.56,74.82,7.57,92.72,69.81,3500,2799,4.62,2,2
5.22,9.29,45.15,4.96,98.37,41.3,2000,2036,1.55,1,0
18.44,30.98,95.28,9.27,83.63,88.5,4000,1736,8.27,8,3
16.09,38.09,101.85,10.02,84.51,85.07,4000,1995,10.59,7,3
20.42,35.79,92.05,10.59,86.87,90.19,4000,2247,9.08,7,3
20.33,31.57,88.79,10.28,85.71,92.93,4000,2198,7.19,10,3
19.05,36.73,87.84,9.02,84.95,90.67,4000,1721,7.53,5,3
7.44,12.44,54.27,5.94,95.29,51.31,3000,2760,2.6,3,1
5.16,10.18,46.16,5.02,98.75,39.77,2500,2478,1.39,0,0
13.32,21.42,73.8,7.66,91.48,71.26,3500,2710,5.76,3,2
21.87,36.68,97.2,10.59,87.53,94.3,4000,2338,10.95,6,3
12.46,22.82,78.37,7.1,92.02,70.02,3500,2802,5.75,2,2
4.76,9.55,46.88,4.82,98.78,38.25,1500,1532,1.41,0,0
5.09,10.59,46.28,4.82,98.65,38.94,1500,1499,1.54,0,0
16.31,30.54,92.91,10.38,82.99,87.82,4000,1521,7.35,9,3
4.92,9.48,44.25,4.91,98.72,38.8,2500,2491,1.51,0,0
10.4,22.48,74.64,7.41,92.17,67.9,3500,2872,6.22,6,2
5.32,9.45,44.59,4.99,98.6,39.25,2500,2523,1.33,0,0
13.53,20.88,70.91,7.43,90.85,72.4,3500,2828,5.92,2,2
23.46,30.71,95.8,10.73,87.91,94.91,4000,2084,7.03,9,3
12.9,20.74,73.99,7.1,91.55,73.09,3500,2812,4.98,2,2
8.37,13.57,56.31,5.94,95.23,54.6,3000,2861,2.51,1,1
8.47,14.38,55.48,5.75,96.03,52.33,2500,2362,3.08,0,1
10.7,24.22,79.18,7.85,91.88,72.33,3500,2640,5.09,5,2
7.79,15.56,54.32,5.75,95.85,49.31,3000,2718,2.66,2,1
12.64,19.48,76.19,7.86,91.34,73.53,3500,2890,5.22,2,2
5.27,9.41,43.49,4.9,98.46,39.23,2500,2544,1.52,1,0
4.52,9.14,46.22,4.81,98.71,39.62,1500,1522,1.6,1,0
7.8,13.03,55.66,5.94,95.32,52.98,3000,2782,3.08,0,1
19.79,33.59,91.32,10.36,86.2,85.28,4000,2330,7.87,9,3
23.93,39.18,98.92,9.96,85.32,91.34,4000,1666,9.41,10,3
19.79,30.3,89.0,9.77,85.82,92.23,4000,1935,7.55,10,3
17.94,33.11,98.16,9.8,83.33,89.3,4000,1610,9.81,10,3
6.67,15.92,57.9,5.76,95.87,50.78,2500,2294,2.94,1,1
6.79,15.28,54.36,6.06,96.17,53.72,2500,2286,2.52,3,1
7.34,15.9,56.77,5.5,96.57,50.69,3000,2749,2.77,0,1
8.45,13.23,53.67,6.03,95.81,51.56,3000,2702,3.02,1,1
7.02,12.25,53.68,5.7,95.71,52.3,3000,2739,3.02,0,1
12.05,24.29,75.18,7.04,93.3,71.37,3500,2586,5.82,5,2
5.26,10.61,46.95,5.18,98.45,40.87,1500,1495,1.62,1,0
8.35,13.56,54.85,5.81,95.76,50.43,2500,2319,2.59,1,1
5.24,10.69,43.73,5.18,98.27,38.61,2000,1990,1.38,0,0
11.33,23.25,74.85,7.28,93.43,69.52,3500,2760,5.21,4,2
18.32,39.13,101.72,10.93,84.6,88.08,4000,2031,8.58,7,3
17.73,32.33,88.65,9.71,82.66,88.62,4000,1689,10.55,7,3
7.15,12.94,53.25,5.57,96.34,50.55,2000,1798,3.34,3,1
4.72,9.56,43.42,5.14,98.47,40.02,2000,2016,1.55,1,0
21.39,32.59,100.23,10.23,87.95,87.0,4000,2016,7.79,7,3
7.31,14.42,52.96,5.55,96.14,50.97,3000,2822,2.83,0,1
6.95,13.58,52.34,5.99,96.04,50.44,2000,1810,2.8,0,1
13.59,24.68,70.47,7.88,91.02,72.87,3500,2533,6.18,5,2
21.16,34.57,93.01,10.28,83.93,93.47,4000,1659,7.7,5,3
13.27,21.33,79.87,7.29,91.55,69.83,3500,2684,6.22,6,2
7.14,14.02,56.81,6.07,96.76,53.34,2500,2211,2.95,0,1
11.64,24.75,77.23,7.97,90.63,70.83,3500,2518,4.7,4,2
12.19,24.25,79.54,7.58,91.87,73.48,3500,2859,4.54,3,2
23.98,39.91,91.62,9.07,87.27,91.68,4000,1840,9.65,5,3
13.99,20.94,73.56,7.09,91.32,67.96,3500,2846,5.61,2,2
7.72,15.98,54.61,5.9,96.49,54.7,2000,1804,3.08,1,1
12.63,19.59,75.68,7.52,91.69,70.37,3500,2643,5.3,2,2
13.44,22.63,74.25,7.22,91.54,68.36,3500,2581,6.3,5,2
12.82,21.66,78.45,7.57,92.0,71.84,3500,2673,4.59,2,2
17.9,35.48,101.81,9.28,82.94,92.38,4000,2425,7.74,9,3
7.11,13.96,57.63,5.71,95.84,52.29,2500,2250,2.67,1,1
5.45,9.83,44.73,5.14,98.34,40.93,2000,1957,1.32,0,0
19.77,31.29,95.2,9.2,83.86,93.26,4000,1817,10.11,9,3
22.3,36.85,87.51,9.69,87.8,92.09,4000,2109,8.96,8,3
6.69,12.7,55.45,5.97,96.56,52.13,2500,2296,3.26,3,1
5.01,9.69,46.76,4.85,98.53,41.45,1500,1508,1.61,1,0
18.77,32.63,91.88,10.75,87.66,87.23,4000,2447,7.54,5,3
5.46,9.45,46.88,4.81,98.69,38.08,2000,2010,1.4,1,0
11.13,24.69,74.95,7.31,93.13,67.9,3500,2789,6.02,2,2
16.22,34.34,92.87,9.12,82.15,93.99,4000,2257,7.39,8,3
5.18,10.22,45.15,4.95,98.42,40.83,2500,2501,1.32,1,0
6.6,13.33,54.04,5.74,95.99,49.41,2500,2256,2.96,0,1
10.57,21.63,74.24,7.9,92.36,71.7,3500,2779,5.14,5,2
18.38,31.45,92.04,9.65,85.16,90.44,4000,1713,10.0,5,3
5.32,9.96,43.42,4.87,98.39,41.4,2500,2500,1.69,1,0
21.21,34.43,90.55,10.79,83.67,92.88,4000,2349,7.85,9,3
5.09,10.97,44.77,5.17,98.65,38.8,1500,1461,1.66,1,0
16.79,38.31,94.92,10.06,85.38,86.14,4000,2308,10.17,8,3
5.18,9.37,44.96,5.16,98.46,40.26,1500,1524,1.54,1,0
5.15,10.45,43.22,5.07,98.37,38.95,1500,1460,1.49,0,0
16.3,37.27,92.2,10.28,83.1,92.98,4000,1596,8.77,9,3
12.76,21.02,70.26,7.5,91.42,68.07,3500,2510,5.85,5,2
8.46,12.29,54.91,5.63,96.22,49.09,2500,2279,2.5,1,1
17.53,30.72,94.13,10.92,82.41,91.05,4000,1933,9.88,10,3
16.95,31.47,91.7,10.45,87.21,90.41,4000,2152,10.4,9,3
17.6,35.7,102.44,10.35,83.97,94.54,4000,2070,9.5,9,3
12.27,23.65,75.98,7.5,90.79,69.75,3500,2678,6.28,5,2
7.19,13.09,55.73,5.83,96.7,52.47,2500,2206,2.78,2,1
22.38,30.01,90.14,9.22,85.84,89.81,4000,2109,7.85,7,3
12.14,23.1,79.9,7.33,91.0,73.14,3500,2530,4.62,5,2
5.33,9.19,44.9,5.01,98.75,38.77,2500,2525,1.61,1,0
5.0,10.64,45.33,4.87,98.52,40.89,2500,2534,1.68,1,0
10.75,24.85,79.89,7.94,92.18,66.7,3500,2874,5.6,2,2
11.97,23.36,70.36,7.58,91.52,70.49,3500,2540,6.43,6,2
16.6,38.85,93.93,9.92,85.36,89.21,4000,2278,9.23,8,3
18.92,38.49,96.68,10.18,83.18,86.49,4000,2195,9.83,7,3
7.97,12.75,52.88,5.6,95.63,53.76,2500,2205,2.62,3,1
19.19,34.58,98.11,9.48,84.3,90.39,4000,2331,10.26,10,3
11.1,19.26,73.34,7.25,90.83,72.84,3500,2591,6.16,5,2
5.45,9.43,45.15,4.95,98.34,38.54,2000,2012,1.6,0,0
7.5,14.96,56.43,5.57,95.81,51.93,2000,1897,3.25,2,1
6.78,12.77,57.47,5.54,96.06,51.94,2000,1799,2.62,3,1
5.47,9.05,46.72,4.8,98.79,38.39,2500,2454,1.36,1,0
20.06,33.03,101.88,9.08,82.04,92.67,4000,2324,8.51,5,3
13.83,24.77,73.92,7.47,90.72,73.13,3500,2628,5.01,6,2
5.33,10.17,43.51,5.1,98.63,40.56,1500,1471,1.64,0,0
5.09,9.14,46.99,5.08,98.21,40.84,2500,2522,1.41,0,0
5.17,9.73,45.93,4.94,98.55,41.81,1500,1504,1.56,0,0
11.25,20.37,70.85,7.33,91.71,72.03,3500,2783,4.92,5,2
6.76,12.75,52.06,6.07,95.71,51.21,2500,2200,2.86,1,1
12.89,22.5,78.64,7.29,91.76,70.23,3500,2656,5.1,5,2
6.74,15.42,56.27,5.87,95.3,53.41,2000,1732,2.8,3,1
4.97,9.01,43.96,5.05,98.76,41.51,1500,1526,1.47,1,0
7.6,15.61,56.65,5.88,95.77,53.19,2000,1729,2.98,2,1
5.23,9.26,44.44,5.16,98.35,38.47,2000,2002,1.36,0,0
12.54,20.0,72.76,7.67,92.31,73.13,3500,2673,5.04,5,2
12.96,19.58,79.91,7.46,92.25,67.97,3500,2618,5.57,5,2
17.25,36.19,91.7,9.24,85.51,85.19,4000,2076,10.38,6,3
7.38,14.43,55.51,5.98,95.51,50.79,2500,2310,3.41,1,1
18.76,35.64,92.77,9.69,82.26,91.09,4000,2072,9.42,7,3
13.74,21.66,72.44,7.82,91.82,67.23,3500,2762,4.63,5,2
18.2,33.92,92.03,9.05,84.29,88.88,4000,1636,9.37,6,3
4.53,10.55,46.24,5.16,98.44,40.61,1500,1515,1.61,1,0
8.21,13.5,52.79,5.64,95.51,51.69,2000,1759,3.15,3,1
8.35,12.42,57.95,5.78,95.46,49.56,3000,2848,3.47,0,1
12.81,19.57,71.97,7.72,92.61,71.61,3500,2797,4.58,4,2
12.2,24.48,71.21,7.29,91.52,72.27,3500,2699,4.57,4,2
4.85,9.77,46.46,4.88,98.38,38.87,1500,1545,1.68,0,0
11.5,19.72,76.55,7.62,92.3,68.62,3500,2819,5.54,5,2
7.74,15.55,53.72,5.8,96.29,50.07,2000,1789,3.08,0,1
5.08,10.19,43.09,5.03,98.67,41.79,1500,1463,1.49,0,0
17.1,31.06,100.43,10.66,82.56,91.64,4000,1797,10.0,7,3
16.89,32.32,101.35,9.82,85.19,87.45,4000,2046,9.98,5,3
21.23,32.18,96.88,10.01,83.52,90.48,4000,2211,9.39,10,3
7.02,15.73,55.04,5.54,96.19,49.68,2000,1815,2.7,0,1
13.82,19.13,70.78,7.62,92.4,68.81,3500,2816,4.54,6,2
4.61,9.33,45.83,4.8,98.56,38.91,1500,1496,1.5,0,0
18.31,37.73,87.2,10.2,84.74,93.08,4000,1816,10.02,6,3
8.28,12.66,53.92,5.8,96.32,49.13,2000,1811,2.67,3,1
13.67,22.67,78.36,7.55,91.42,71.71,3500,2701,6.16,4,2
7.1,15.11,53.33,5.81,95.74,53.99,2000,1835,3.34,1,1
7.52,12.27,52.23,6.01,96.41,51.48,2500,2242,2.72,1,1
20.18,38.09,97.05,10.7,87.53,89.65,4000,1805,10.4,5,3
20.17,39.6,93.48,10.16,86.15,85.64,4000,1506,9.68,10,3
16.47,33.3,94.63,10.94,85.61,91.86,4000,2456,7.73,8,3
7.95,14.53,57.95,5.73,96.28,51.81,2000,1879,2.96,1,1
7.3,14.0,54.36,5.85,96.11,53.87,2000,1719,2.52,1,1
18.78,35.11,91.04,9.83,83.16,90.85,4000,1712,10.34,9,3
8.0,15.4,55.14,6.02,95.45,54.76,2000,1779,2.7,0,1
7.9,12.04,57.44,5.72,96.43,53.69,2000,1846,2.58,3,1
5.41,10.49,44.35,4.87,98.33,38.93,2000,2034,1.44,1,0
17.24,34.95,102.54,9.65,82.71,85.78,4000,1579,7.38,7,3
7.26,13.25,57.97,5.98,95.69,54.81,3000,2776,3.16,1,1
11.16,23.46,73.83,7.75,91.71,67.79,3500,2687,4.8,4,2
22.95,32.04,92.91,10.61,84.14,86.39,4000,2350,9.26,6,3
7.4,12.49,54.77,5.59,95.95,50.39,2000,1815,3.12,3,1
6.85,14.68,52.31,5.65,95.97,51.88,2000,1706,3.42,1,1
4.61,9.23,46.09,5.09,98.37,41.97,1500,1451,1.43,0,0
6.96,13.35,55.5,6.05,96.13,52.73,2000,1771,3.45,2,1
5.39,9.16,46.98,4.85,98.61,39.26,2500,2482,1.68,1,0
6.79,12.85,57.41,5.84,95.34,52.34,3000,2719,2.9,1,1
23.83,38.5,101.83,10.96,85.4,92.04,4000,1942,7.23,8,3
16.21,39.53,91.48,10.16,82.77,87.13,4000,2057,9.33,10,3
11.16,23.99,76.95,7.2,92.67,72.88,3500,2567,4.7,4,2
7.86,12.16,56.5,5.86,95.92,50.78,2500,2269,2.76,0,1
5.09,10.36,44.68,5.0,98.3,41.54,2000,2042,1.49,1,0
4.84,10.16,43.86,5.02,98.36,41.88,1500,1474,1.47,1,0
5.42,9.58,46.15,5.17,98.44,38.15,2000,2028,1.59,1,0
20.02,36.25,94.0,10.86,84.28,93.32,4000,1581,8.38,8,3
4.56,10.97,46.46,5.03,98.24,39.3,2500,2539,1.55,1,0
10.47,20.8,73.96,7.27,92.46,69.82,3500,2536,5.66,5,2
5.33,9.7,44.15,4.87,98.48,41.28,1500,1543,1.59,1,0
4.56,9.31,45.13,4.94,98.56,41.88,1500,1499,1.46,0,0
10.38,20.19,79.98,7.37,91.83,70.8,3500,2802,4.93,6,2
7.56,12.33,57.49,5.74,96.72,50.75,2500,2217,3.16,0,1
5.39,9.52,45.28,4.97,98.29,41.76,1500,1526,1.46,0,0
7.94,15.72,54.49,5.75,96.65,51.8,2500,2360,2.74,2,1
18.08,37.53,99.12,9.95,83.67,92.53,4000,2196,7.11,6,3
7.69,15.48,53.17,5.72,95.45,52.94,2500,2273,3.34,3,1
5.33,9.27,45.57,4.99,98.52,40.01,2000,1974,1.68,0,0
6.65,15.92,53.92,5.56,96.19,54.64,2500,2205,2.68,0,1
4.98,10.44,45.91,5.05,98.57,39.48,2000,2002,1.42,0,0
10.04,24.5,77.05,7.6,91.19,69.94,3500,2841,5.37,2,2
4.65,10.84,46.74,4.87,98.34,41.85,2000,2010,1.34,0,0
4.64,9.34,43.78,4.93,98.38,41.63,2500,2519,1.62,1,0
5.19,9.03,44.03,5.1,98.64,38.81,1500,1502,1.4,1,0
13.57,23.55,77.94,7.22,91.39,68.6,3500,2887,5.11,4,2
11.93,22.7,70.14,7.19,91.28,70.27,3500,2817,5.18,4,2
11.83,22.0,78.28,7.51,91.62,69.5,3500,2803,4.96,6,2
4.8,9.91,45.91,4.89,98.77,40.48,2500,2457,1.68,1,0
10.27,24.09,79.99,7.08,92.12,66.88,3500,2588,4.7,5,2
4.8,10.72,45.37,5.14,98.68,38.67,2500,2535,1.51,1,0
8.19,15.75,56.92,6.08,95.47,52.96,2500,2382,2.59,2,1
8.03,12.99,57.7,5.68,96.25,54.98,2500,2265,2.8,2,1
8.02,12.44,57.27,5.76,96.04,54.01,2500,2374,2.7,2,1
11.71,19.34,78.79,7.42,92.23,70.56,3500,2807,4.6,3,2
16.24,37.65,87.39,10.94,83.73,88.75,4000,1865,10.35,8,3
7.45,13.72,55.32,5.94,95.83,49.85,3000,2706,3.35,2,1
7.59,13.28,57.19,5.91,95.34,54.71,3000,2727,2.72,1,1
5.06,9.69,46.61,4.84,98.76,38.17,2000,1953,1.32,1,0
12.6,24.36,79.47,7.12,92.02,66.5,3500,2515,6.43,5,2
7.3,15.26,56.2,5.73,95.44,52.63,3000,2875,3.11,3,1
8.16,13.29,55.89,5.66,96.13,50.88,2500,2313,3.03,0,1
5.28,9.72,45.64,5.15,98.27,40.4,2000,1988,1.51,1,0
4.86,9.5,46.45,5.01,98.4,39.81,2500,2482,1.7,0,0
5.33,10.1,46.48,5.08,98.36,40.63,2500,2503,1.49,1,0
6.85,15.4,53.62,5.77,95.91,49.76,2000,1709,2.74,2,1
12.97,22.52,70.07,7.26,92.44,72.64,3500,2619,4.57,6,2
23.52,35.39,98.48,10.33,82.6,85.53,4000,2163,9.92,5,3
10.61,22.04,78.67,7.62,90.62,72.59,3500,2613,5.08,3,2
11.6,22.26,78.28,7.11,91.78,69.95,3500,2609,5.23,3,2
13.95,20.2,75.62,7.03,93.13,71.9,3500,2736,6.46,4,2
23.15,31.35,92.71,9.68,82.98,86.72,4000,1759,8.37,8,3
5.23,9.21,46.42,4.81,98.41,39.0,1500,1533,1.43,1,0
18.16,31.71,101.07,10.32,82.21,86.33,4000,2254,8.36,7,3
6.81,15.56,57.51,5.79,96.31,50.1,2500,2288,2.61,3,1
17.69,30.14,97.58,10.39,86.66,92.65,4000,1862,7.6,6,3
5.42,10.89,45.2,5.03,98.26,39.53,2000,1952,1.39,1,0
5.47,9.1,44.22,4.83,98.25,40.12,1500,1531,1.51,0,0
22.99,39.89,97.93,10.52,85.41,89.51,4000,2433,8.68,10,3
10.2,22.03,79.29,7.59,90.68,69.42,3500,2637,5.86,2,2
6.63,12.74,56.19,6.05,96.62,52.5,2000,1877,3.32,1,1
21.44,33.87,96.48,10.9,83.4,91.58,4000,2383,10.01,10,3
7.73,13.5,55.98,5.89,95.46,49.2,3000,2812,3.38,1,1
7.65,14.13,53.66,5.9,95.43,51.89,2500,2247,2.79,3,1
5.38,9.2,45.96,5.18,98.37,41.43,2500,2465,1.63,1,0
16.51,36.78,97.9,9.69,85.02,90.68,4000,1617,10.62,10,3
7.64,12.06,56.4,5.94,95.43,49.91,3000,2769,2.55,1,1
6.54,12.34,57.29,5.52,96.19,51.64,2000,1826,3.0,1,1
22.52,34.86,99.07,10.57,86.88,87.6,4000,1711,9.21,5,3
4.98,9.88,46.72,4.9,98.56,40.87,1500,1549,1.6,1,0
5.04,10.75,43.43,4.95,98.46,38.79,2000,2024,1.62,0,0
8.24,12.72,56.52,5.62,96.73,51.35,2500,2354,3.39,2,1
5.01,10.02,43.92,5.15,98.71,38.77,1500,1490,1.57,0,0
6.73,15.25,57.51,5.53,95.75,50.73,2000,1729,3.47,0,1
18.99,39.21,92.91,9.32,84.09,85.22,4000,2392,10.42,7,3
13.8,24.48,71.05,7.71,93.31,73.65,3500,2769,6.11,4,2
4.81,10.24,44.79,4.92,98.63,39.47,1500,1497,1.7,1,0
4.91,10.78,46.12,5.12,98.28,40.67,1500,1501,1.38,1,0
6.85,13.01,54.57,5.96,96.53,49.62,2500,2384,3.34,0,1
11.94,24.31,74.44,7.65,91.34,71.81,3500,2853,5.0,4,2
4.82,10.3,45.63,5.16,98.24,39.61,2500,2462,1.62,0,0
11.7,24.69,73.49,7.11,91.6,73.39,3500,2533,5.27,2,2
8.19,15.39,55.33,6.05,95.88,49.96,3000,2778,3.07,0,1
4.76,10.21,46.3,4.9,98.76,40.39,1500,1529,1.63,0,0
6.98,14.74,57.54,5.66,95.27,51.15,2000,1791,2.84,0,1
7.26,15.61,53.34,5.62,95.2,54.04,3000,2748,3.22,1,1
10.52,22.48,72.33,7.08,92.88,68.48,3500,2552,5.22,5,2
12.07,24.22,72.85,7.46,93.11,71.19,3500,2653,4.51,4,2
11.41,19.97,72.75,7.32,91.19,68.83,3500,2624,4.75,2,2
5.29,10.19,46.78,4.97,98.75,38.44,2500,2524,1.39,1,0
20.15,35.64,96.22,9.89,84.52,88.07,4000,2386,8.97,7,3
5.09,10.64,44.71,4.92,98.65,38.85,1500,1538,1.66,1,0
5.13,10.19,43.78,5.14,98.46,41.79,2000,1960,1.36,0,0
23.88,39.64,91.67,10.89,85.67,90.38,4000,1731,8.79,8,3
10.54,23.03,74.75,7.81,90.74,72.61,3500,2739,4.7,3,2
5.27,10.17,44.12,5.07,98.65,39.95,2000,1973,1.5,0,0
19.69,30.84,92.36,10.11,86.38,91.05,4000,1946,10.45,8,3
19.86,38.82,102.14,10.72,83.34,93.85,4000,1829,10.27,8,3
5.46,9.36,43.73,4.94,98.62,38.3,2000,2020,1.47,1,0
11.35,20.71,73.8,7.32,93.4,68.79,3500,2873,5.56,5,2
7.86,15.44,55.79,5.61,96.29,49.61,2000,1853,2.87,0,1
7.97,13.78,57.08,6.06,96.27,53.42,3000,2845,3.19,0,1
5.4,9.07,46.49,4.92,98.53,39.32,1500,1450,1.6,0,0
4.68,9.2,46.05,5.07,98.47,38.74,1500,1531,1.34,0,0
4.58,10.47,44.48,5.03,98.36,38.23,2500,2468,1.32,1,0
4.9,10.06,46.1,4.98,98.68,38.13,2500,2467,1.3,0,0
10.03,19.44,79.04,7.43,91.19,72.54,3500,2778,5.75,3,2
4.83,9.04,44.67,4.81,98.47,40.62,1500,1497,1.33,1,0
13.25,23.7,76.11,7.4,91.84,69.92,3500,2782,4.75,3,2
7.45,13.75,52.49,5.8,96.27,49.1,2000,1760,3.44,3,1
7.68,15.83,56.01,6.01,95.93,49.16,2500,2259,3.4,0,1
4.99,9.83,44.49,4.83,98.68,41.39,2500,2474,1.31,1,0
16.69,37.09,88.98,10.42,87.94,89.6,4000,2261,10.78,8,3
5.5,9.3,46.83,5.02,98.59,41.67,2000,2000,1.65,1,0
12.47,21.51,78.66,7.95,92.04,67.78,3500,2702,6.11,6,2
10.1,20.63,79.43,7.47,92.34,70.3,3500,2880,5.61,4,2
8.44,12.49,53.54,5.75,96.37,50.91,2000,1833,2.93,0,1
18.62,39.69,98.52,10.56,87.31,90.65,4000,2079,9.45,9,3
6.61,15.6,55.17,5.69,96.05,50.2,3000,2858,3.32,1,1
5.12,10.48,46.51,5.1,98.31,38.24,2500,2520,1.36,0,0
12.36,21.65,73.26,7.92,93.46,73.12,3500,2664,5.96,6,2
11.39,22.04,73.45,7.51,90.92,69.41,3500,2850,5.8,2,2
13.05,20.45,77.32,7.48,91.49,73.79,3500,2813,6.36,6,2
12.28,23.25,73.79,7.23,93.5,69.1,3500,2720,4.69,6,2
19.93,30.75,101.3,9.03,83.47,93.35,4000,2116,8.98,6,3
5.39,9.8,44.72,4.97,98.21,39.73,1500,1515,1.32,0,0
23.74,33.93,93.4,10.91,84.39,92.73,4000,2298,10.16,9,3
6.59,14.53,56.71,5.76,95.81,51.4,2000,1796,2.77,3,1
23.86,33.15,98.05,9.68,86.56,88.52,4000,2269,10.11,9,3
22.54,39.97,98.23,9.51,82.6,90.79,4000,1646,9.67,7,3
10.38,20.41,73.29,7.85,92.66,69.83,3500,2855,5.89,2,2
19.71,34.73,94.96,10.94,83.02,94.77,4000,2453,10.03,7,3
7.07,14.29,54.09,5.97,95.73,53.58,2500,2382,3.48,0,1
20.65,35.29,99.33,10.47,86.21,90.74,4000,2459,9.06,5,3
7.04,15.34,56.52,5.98,95.64,53.19,2500,2305,3.2,0,1
7.36,13.85,52.85,5.68,95.68,53.46,2500,2291,3.39,1,1
5.18,10.1,45.56,5.03,98.52,39.17,2000,2048,1.4,1,0
12.58,20.75,72.36,7.1,92.48,68.39,3500,2619,5.33,2,2
19.13,31.45,87.98,10.9,85.53,87.95,4000,2360,9.34,5,3
5.14,10.02,46.14,4.86,98.58,41.68,1500,1513,1.45,1,0
20.92,39.64,91.73,10.62,87.33,94.8,4000,1932,10.42,10,3
21.12,35.29,88.47,10.97,86.06,90.29,4000,1737,7.08,8,3
4.65,10.46,44.82,4.86,98.35,41.94,1500,1457,1.47,0,0
6.78,12.59,57.77,5.52,96.32,51.36,2500,2308,3.05,2,1
5.34,10.84,44.93,4.97,98.72,38.4,2000,2042,1.51,0,0
22.54,38.57,99.54,10.59,83.5,91.6,4000,2260,8.64,7,3
8.29,13.55,52.12,5.68,95.48,53.76,2500,2395,2.57,2,1
13.72,20.19,72.81,7.15,91.45,72.98,3500,2546,4.64,3,2
19.0,31.98,98.2,10.15,87.09,90.59,4000,2053,10.99,8,3
4.79,9.07,43.15,5.06,98.75,39.19,1500,1468,1.38,0,0
17.45,38.87,93.38,9.54,84.39,85.75,4000,1678,8.32,8,3
4.79,10.47,43.95,4.96,98.49,41.9,2500,2478,1.54,1,0
6.71,14.34,55.66,5.8,96.08,50.08,3000,2855,3.5,3,1
16.96,30.03,87.33,9.17,87.19,90.25,4000,2056,10.27,10,3
6.77,13.78,52.07,5.53,95.48,49.33,2500,2376,3.05,1,1
4.59,10.49,43.44,4.98,98.31,38.76,2000,1967,1.53,1,0
7.1,14.27,52.29,6.07,95.74,49.69,2000,1736,3.24,1,1
17.36,32.14,93.42,10.87,83.72,91.71,4000,1609,7.18,9,3
7.76,12.93,52.29,5.99,95.91,54.63,2500,2250,3.38,1,1
5.4,9.16,43.97,4.91,98.51,39.14,2000,1954,1.46,1,0
7.41,15.77,57.5,5.85,96.69,51.01,3000,2815,3.12,3,1
22.23,38.27,94.02,10.94,85.02,89.9,4000,2295,8.62,9,3
8.04,14.14,53.11,5.83,95.8,50.06,2000,1808,2.52,1,1
18.71,36.25,89.84,9.53,85.96,85.45,4000,1627,8.44,6,3
7.74,15.8,54.21,5.89,96.02,50.22,3000,2703,3.04,2,1
7.09,15.73,53.63,5.64,95.37,51.49,2500,2251,3.34,3,1
5.27,10.3,44.09,5.15,98.41,38.41,2000,2009,1.34,0,0
8.35,12.62,54.38,5.73,95.78,49.19,2500,2296,3.03,3,1
10.59,19.98,71.98,7.22,91.88,66.16,3500,2731,5.75,4,2
8.11,15.04,52.68,5.72,96.1,49.74,2000,1817,3.43,3,1
5.4,9.49,45.28,4.95,98.55,40.29,1500,1544,1.48,1,0
10.96,21.83,72.0,7.59,90.61,67.29,3500,2534,5.8,3,2
18.64,35.22,102.87,9.9,82.13,90.14,4000,2373,10.36,6,3
7.0,13.67,53.13,6.01,95.42,51.65,2000,1762,3.49,0,1
10.34,22.04,73.73,7.3,92.77,73.73,3500,2575,5.65,5,2
17.84,34.05,87.47,9.35,85.92,90.81,4000,2007,9.31,6,3
8.35,15.98,52.35,6.02,95.86,50.66,3000,2723,3.17,2,1
4.62,10.16,44.42,4.85,98.24,41.56,1500,1451,1.47,1,0
5.4,9.63,43.61,5.07,98.3,40.85,2000,1990,1.57,1,0
6.97,15.62,54.42,5.82,96.09,49.98,2500,2330,2.82,3,1
4.93,9.49,43.13,4.8,98.52,40.66,1500,1536,1.69,0,0
22.89,37.64,89.55,9.72,82.01,85.74,4000,1913,9.76,8,3
10.4,19.17,74.04,7.97,91.37,69.93,3500,2618,5.68,5,2
6.61,15.8,56.1,5.56,96.73,51.23,3000,2845,3.36,2,1
19.28,32.51,99.35,9.99,86.63,88.7,4000,1655,10.89,5,3
4.78,9.4,46.5,4.81,98.43,40.77,2500,2498,1.54,1,0
8.26,15.17,55.51,5.64,96.34,53.63,3000,2804,2.67,1,1
17.82,33.06,98.77,10.12,83.19,86.09,4000,2489,7.18,6,3
11.28,23.45,78.63,7.22,92.13,71.99,3500,2632,6.03,3,2
11.01,23.08,79.62,7.01,91.29,68.56,3500,2839,5.12,4,2
7.47,14.38,55.46,5.6,95.4,53.08,2000,1892,3.12,0,1
20.59,34.43,90.23,9.76,82.15,88.15,4000,1613,10.87,6,3
7.05,15.52,52.85,5.8,96.42,52.43,3000,2725,2.64,3,1
13.96,21.88,74.75,7.41,91.89,69.21,3500,2645,6.41,3,2
5.27,10.59,46.18,5.05,98.74,39.93,1500,1458,1.3,0,0
20.25,37.78,101.66,10.37,86.97,90.22,4000,2168,8.46,5,3
11.43,20.5,70.63,7.84,90.67,68.22,3500,2880,6.31,2,2
5.31,9.35,45.03,5.06,98.69,40.55,1500,1473,1.45,0,0
6.83,12.42,57.84,5.62,96.73,52.02,2000,1725,2.94,0,1
4.73,10.67,44.58,5.11,98.46,40.7,2500,2471,1.57,0,0
4.52,9.98,45.29,5.15,98.73,40.77,2500,2489,1.66,1,0
7.12,12.5,53.46,6.0,95.97,51.58,2000,1719,2.79,2,1
20.52,38.12,101.34,9.2,86.1,94.83,4000,1944,9.71,5,3
23.42,33.42,93.28,9.21,87.36,91.34,4000,2149,9.03,9,3
4.99,10.02,43.81,5.05,98.77,39.54,1500,1459,1.42,0,0
4.95,10.76,44.4,5.17,98.77,38.3,2000,1961,1.49,0,0
19.54,39.78,98.02,9.5,86.16,93.08,4000,2120,9.74,6,3
4.61,10.8,45.64,5.08,98.52,41.69,2500,2518,1.35,0,0
4.57,9.46,45.77,5.14,98.49,41.49,2000,2036,1.41,0,0
8.22,13.63,52.86,5.53,96.49,54.39,2500,2228,2.59,3,1
16.19,30.47,91.78,9.14,82.83,93.71,4000,1739,10.95,10,3
4.74,9.57,45.21,5.11,98.79,38.01,1500,1519,1.69,0,0
13.22,24.86,70.95,7.56,90.71,71.82,3500,2590,5.27,4,2
6.69,12.88,52.71,5.95,96.57,51.73,2000,1718,2.71,0,1
20.65,32.31,102.84,9.44,83.69,92.71,4000,1542,10.39,10,3
5.35,9.63,45.17,4.83,98.24,41.95,1500,1524,1.48,1,0
4.65,10.68,45.99,4.89,98.32,39.57,2500,2468,1.61,1,0
12.32,23.56,76.94,7.64,91.02,67.59,3500,2652,6.39,4,2
22.6,36.84,99.63,9.57,86.62,88.4,4000,1641,7.9,9,3
4.72,10.75,45.2,4.96,98.43,40.0,2000,1969,1.32,0,0
6.74,14.26,55.03,5.61,96.04,50.77,2000,1859,3.21,0,1
7.73,15.01,55.43,5.63,96.52,54.45,3000,2890,2.55,1,1
17.71,37.28,88.81,10.18,84.32,88.55,4000,2034,10.6,7,3
4.64,9.24,46.37,4.83,98.2,39.76,1500,1494,1.31,1,0
7.12,15.01,57.23,5.7,96.14,52.46,2000,1745,3.19,2,1
11.82,24.15,71.13,7.46,91.67,67.76,3500,2505,5.22,2,2
8.46,13.19,54.4,5.7,95.67,51.2,2000,1823,3.37,1,1
5.11,10.01,44.89,5.1,98.52,40.97,2000,1970,1.5,0,0
11.22,21.19,77.81,7.58,91.22,72.03,3500,2703,4.73,6,2
21.94,35.43,96.27,9.16,86.58,90.7,4000,1661,8.05,6,3
21.07,31.09,91.62,9.59,83.0,92.86,4000,2278,8.97,7,3
4.9,10.64,44.27,5.01,98.36,38.82,2000,2007,1.53,1,0
21.18,38.81,88.0,10.94,86.2,90.06,4000,2114,10.47,9,3
6.82,15.17,53.79,5.74,96.11,49.86,2500,2326,2.75,0,1
13.37,20.0,71.21,7.07,92.34,73.33,3500,2577,6.24,6,2
4.87,9.07,43.34,4.8,98.71,40.15,2000,1998,1.65,1,0
6.64,15.18,54.43,5.82,95.78,49.61,2500,2350,3.01,3,1
4.67,10.35,46.15,4.98,98.26,41.42,1500,1539,1.59,1,0
8.15,15.71,55.87,5.64,95.49,53.31,2500,2322,2.71,3,1
18.23,31.53,93.71,9.26,82.54,92.26,4000,2246,9.64,6,3
4.73,9.94,44.16,5.13,98.49,39.57,2500,2486,1.51,1,0
7.44,14.26,56.75,5.71,95.94,50.45,3000,2771,3.24,0,1
21.74,30.33,101.45,9.86,83.08,92.3,4000,1806,9.58,5,3
22.24,37.75,98.35,9.41,82.64,86.57,4000,1985,10.66,5,3
11.69,24.61,77.53,7.25,92.15,72.09,3500,2875,4.84,4,2
7.32,15.44,53.69,5.76,95.4,49.53,2500,2334,3.03,2,1
13.38,22.92,73.7,7.14,91.86,69.66,3500,2660,5.87,2,2
6.83,15.33,57.71,5.83,95.71,49.9,2500,2273,2.79,1,1
11.55,23.02,76.02,7.75,90.89,72.27,3500,2862,5.78,6,2
22.51,38.4,92.03,10.82,85.53,88.36,4000,1998,9.46,7,3
19.57,35.54,87.53,10.4,84.44,94.25,4000,2345,7.74,7,3
20.57,32.38,93.01,9.56,87.36,90.06,4000,2088,7.14,6,3
8.22,14.29,53.93,5.64,96.72,52.62,2000,1811,3.07,2,1
13.6,24.03,79.86,7.49,90.51,68.62,3500,2851,5.54,2,2
4.99,9.91,46.06,4.83,98.27,38.0,1500,1519,1.64,1,0
11.7,22.08,77.48,7.16,92.19,67.88,3500,2514,5.04,3,2
17.2,33.95,99.11,10.6,85.54,94.35,4000,2150,7.51,9,3
4.81,10.04,46.71,4.83,98.65,41.32,2500,2479,1.56,1,0
5.16,10.81,46.84,5.04,98.55,40.63,2500,2483,1.46,1,0
16.22,35.52,96.72,9.01,82.91,89.01,4000,2305,9.51,6,3
13.74,24.53,78.19,7.15,92.55,67.23,3500,2583,4.69,3,2
7.05,14.56,56.7,5.79,95.74,51.43,3000,2872,3.02,3,1
4.63,9.96,43.05,4.88,98.59,38.79,2500,2544,1.67,1,0
19.12,38.86,93.27,9.13,86.19,92.71,4000,1803,8.72,10,3
8.06,12.62,57.32,6.07,96.07,49.29,2000,1744,3.01,3,1
4.62,10.43,46.45,5.12,98.58,41.92,1500,1533,1.46,0,0
7.72,15.12,55.91,5.76,96.26,54.57,2500,2284,3.08,1,1
8.26,12.05,54.11,5.6,96.08,53.18,3000,2857,3.5,0,1
18.81,38.72,99.07,10.85,86.68,91.85,4000,1610,9.86,8,3
18.5,36.82,102.01,10.8,84.19,92.29,4000,1534,8.2,8,3
4.9,10.43,45.77,5.14,98.52,41.72,2500,2463,1.53,1,0
4.81,9.91,44.28,4.88,98.24,38.09,2000,1986,1.47,0,0
13.24,20.08,73.77,7.77,92.16,66.59,3500,2691,5.7,3,2
7.78,14.34,54.42,5.58,95.81,53.56,2000,1877,2.96,1,1
8.06,13.04,55.19,5.94,96.25,49.01,3000,2726,2.54,0,1
11.0,20.32,75.18,7.17,90.85,69.21,3500,2812,5.82,4,2
19.64,37.26,97.02,10.04,82.06,89.12,4000,1759,9.96,6,3
6.6,15.83,57.42,6.09,96.07,50.08,2500,2237,2.58,1,1
5.44,10.06,45.21,4.84,98.28,41.57,2500,2514,1.35,1,0
5.26,10.78,46.85,5.15,98.53,38.75,2500,2543,1.32,1,0
8.45,14.41,52.15,5.84,95.98,51.4,2500,2321,2.6,1,1
11.97,22.14,77.18,7.5,93.08,69.29,3500,2706,4.99,2,2
11.26,19.32,76.43,7.67,90.76,69.47,3500,2626,4.59,4,2
18.52,32.68,97.78,10.75,82.41,88.69,4000,1548,8.31,8,3
6.64,12.55,52.64,5.79,95.56,52.43,3000,2706,3.5,1,1
23.22,33.63,87.55,10.01,86.51,88.99,4000,2457,8.76,5,3
10.34,22.35,76.69,7.23,92.19,71.79,3500,2584,5.49,2,2
17.74,33.88,101.1,9.34,87.71,90.63,4000,1697,8.98,10,3
17.17,38.58,100.56,9.07,84.36,92.51,4000,1640,7.04,8,3
11.44,22.86,79.65,7.78,91.31,72.02,3500,2823,4.65,6,2
5.06,9.41,45.85,4.98,98.22,40.67,2500,2548,1.45,0,0
4.9,10.24,43.64,4.93,98.56,41.79,1500,1544,1.5,1,0
4.89,10.53,44.87,5.08,98.64,38.0,2500,2488,1.46,0,0
5.21,10.08,43.85,4.95,98.65,41.49,1500,1456,1.38,0,0
7.25,13.33,55.34,6.06,95.9,51.76,2500,2272,3.18,0,1
7.89,15.85,57.55,5.96,96.15,50.06,2500,2241,3.28,3,1
16.07,39.8,101.14,9.25,83.63,86.69,4000,2101,8.62,5,3
12.03,24.87,77.2,7.65,91.43,67.25,3500,2589,5.38,2,2
4.86,9.65,45.15,4.98,98.74,40.58,2500,2540,1.41,0,0
12.17,24.47,71.96,7.53,92.45,71.11,3500,2645,6.21,4,2
10.19,21.15,70.2,7.78,90.81,72.47,3500,2880,4.72,4,2
6.68,15.11,55.03,5.75,96.6,52.02,3000,2806,3.22,2,1
7.72,14.06,53.05,5.76,95.25,50.96,2500,2244,3.25,3,1
23.77,35.49,100.23,9.41,86.67,85.88,4000,2160,9.93,6,3
6.57,13.45,54.02,5.62,95.52,52.68,3000,2875,3.0,1,1
4.59,10.41,45.46,5.13,98.24,41.25,2500,2536,1.46,0,0
12.91,22.84,70.75,7.91,92.85,72.02,3500,2546,5.84,2,2
11.47,20.86,70.46,7.37,91.63,73.86,3500,2841,4.56,5,2
7.68,14.85,54.85,5.85,95.45,51.5,3000,2709,3.29,0,1
5.4,9.12,45.22,4.81,98.68,38.36,2000,1950,1.63,0,0
4.67,9.68,45.47,5.14,98.34,38.59,2500,2490,1.51,0,0
5.11,10.27,44.62,5.06,98.28,38.88,2000,2006,1.54,0,0
7.89,13.87,53.08,5.62,95.75,52.3,2000,1821,2.69,3,1
6.59,12.24,54.73,5.92,96.62,50.35,3000,2896,2.88,0,1
11.96,24.37,74.17,7.59,93.04,68.91,3500,2560,5.1,3,2
11.64,23.4,76.53,7.88,90.75,73.67,3500,2627,5.3,6,2
8.16,13.91,56.41,6.06,96.28,53.1,2500,2262,3.08,2,1
12.49,19.54,75.98,7.87,92.24,72.05,3500,2536,5.49,4,2
5.49,10.86,46.94,5.14,98.23,40.52,2500,2471,1.66,1,0
10.85,20.24,79.02,7.47,91.75,69.36,3500,2722,5.4,3,2
10.72,21.53,76.7,7.44,93.43,67.94,3500,2715,5.0,6,2
5.09,9.08,45.95,4.93,98.68,39.47,1500,1488,1.52,0,0
4.8,10.6,45.34,5.02,98.71,38.12,2500,2540,1.58,0,0
18.24,33.68,92.24,10.72,84.9,88.23,4000,2014,8.73,5,3
10.33,24.37,74.0,7.39,91.93,72.73,3500,2531,5.17,6,2
4.87,9.26,46.35,5.06,98.6,40.01,1500,1521,1.65,0,0
22.35,34.12,87.62,10.14,87.56,87.14,4000,2440,8.53,10,3
6.91,15.82,55.2,5.98,96.78,52.74,2000,1860,3.08,2,1
21.03,37.84,95.21,9.78,83.67,88.06,4000,2450,7.56,5,3
12.53,19.02,78.49,7.91,93.46,67.24,3500,2724,5.4,4,2
19.05,34.73,88.12,9.55,82.88,93.99,4000,1571,9.5,6,3
6.52,14.33,52.31,5.58,96.78,49.81,2000,1778,2.83,2,1
19.62,32.31,97.51,10.97,87.79,94.51,4000,2401,7.37,5,3
6.93,15.11,54.89,5.55,96.56,52.86,3000,2780,2.93,1,1
4.6,9.13,43.56,5.01,98.35,39.7,1500,1514,1.68,0,0
8.46,15.56,52.75,5.89,96.29,50.82,2500,2331,2.74,2,1
18.85,39.74,87.69,9.74,82.3,93.28,4000,2272,10.58,10,3
21.04,34.77,99.03,9.41,83.69,92.43,4000,2267,10.78,9,3
17.78,31.43,99.86,10.47,83.82,91.01,4000,1553,8.06,7,3
10.5,20.06,79.87,7.28,91.35,72.35,3500,2759,5.15,3,2
13.94,21.22,77.77,7.72,91.23,67.63,3500,2801,6.06,2,2
8.4,12.04,56.97,5.73,95.22,49.0,3000,2842,2.54,0,1
5.17,10.83,43.25,5.15,98.55,39.71,1500,1498,1.63,0,0
10.02,21.27,72.38,7.76,93.34,72.87,3500,2881,5.17,3,2
7.88,15.85,57.34,5.91,95.85,50.38,2000,1875,2.54,0,1
11.07,20.17,75.1,7.71,91.08,72.02,3500,2890,5.83,4,2
4.62,9.35,44.92,4.95,98.4,40.86,2000,2002,1.55,1,0
5.24,10.43,46.66,4.8,98.73,38.58,2500,2488,1.64,1,0
5.37,9.66,43.02,5.04,98.44,40.91,2000,2013,1.63,0,0
12.48,23.74,76.28,7.96,92.11,70.74,3500,2859,5.75,6,2
6.63,15.79,54.63,5.6,95.98,49.48,3000,2710,2.88,2,1
5.22,10.92,46.31,4.89,98.41,38.21,2000,1993,1.5,0,0
4.98,10.49,44.25,4.83,98.23,41.82,1500,1503,1.64,1,0
23.12,37.99,94.74,9.97,84.06,86.5,4000,2037,9.61,5,3
5.28,10.24,43.39,5.08,98.56,40.98,2000,2031,1.65,1,0
8.26,14.45,56.39,6.04,96.1,54.38,3000,2801,3.11,2,1
4.69,9.43,44.47,4.84,98.62,39.17,2000,2001,1.44,0,0
4.59,10.34,45.48,4.83,98.25,39.97,2000,2005,1.5,0,0
8.45,12.33,54.31,6.09,95.61,52.54,2500,2316,3.07,3,1
23.28,33.61,100.87,10.37,83.91,93.43,4000,1832,7.34,10,3
4.82,9.1,44.84,4.94,98.46,38.8,2000,2016,1.49,1,0
6.79,15.08,55.88,5.68,95.91,53.22,2500,2252,3.48,0,1
19.99,35.1,90.44,10.6,85.85,88.95,4000,2401,8.85,5,3
20.67,31.65,101.87,10.05,83.62,88.89,4000,2052,10.59,7,3
7.41,14.47,55.03,5.95,95.27,52.61,3000,2853,2.73,1,1
10.74,22.68,70.99,7.7,92.71,67.03,3500,2814,4.83,3,2
7.02,15.71,52.87,5.86,96.12,49.14,2500,2292,2.96,1,1
22.89,38.08,98.22,9.89,87.71,87.05,4000,2002,7.59,6,3
4.67,9.73,44.08,4.8,98.22,39.67,1500,1480,1.37,1,0
4.78,10.74,45.95,5.12,98.26,40.44,2500,2523,1.39,1,0
22.54,33.53,95.09,10.71,86.74,90.98,4000,2433,8.02,6,3
7.96,14.43,53.37,5.52,95.26,49.79,2500,2263,2.68,1,1
8.48,13.7,55.75,5.98,96.72,50.59,2000,1887,2.82,1,1
11.54,20.52,77.57,7.47,90.89,73.12,3500,2553,5.89,5,2
7.86,13.86,57.53,6.06,95.63,51.25,2500,2302,3.27,0,1
10.9,19.24,78.17,7.47,91.84,72.2,3500,2862,4.97,4,2
12.39,21.08,78.9,7.62,90.73,68.23,3500,2673,6.46,6,2
22.65,37.28,89.11,10.35,85.95,90.77,4000,1989,8.44,7,3
7.02,13.22,52.28,5.62,96.79,54.77,2500,2248,3.48,0,1
22.94,33.62,88.13,10.76,83.06,91.19,4000,1672,9.48,7,3
4.59,10.37,43.18,5.01,98.57,41.03,2500,2490,1.46,0,0
23.87,33.4,95.11,11.0,85.91,91.57,4000,1625,8.17,5,3
11.73,19.23,72.99,7.16,90.86,70.37,3500,2603,6.38,2,2
7.75,13.31,53.61,5.59,96.13,51.68,3000,2707,2.69,0,1
7.57,15.23,57.56,5.83,96.44,49.93,2500,2381,2.71,2,1
18.34,36.33,100.53,10.38,85.94,91.14,4000,1956,7.7,7,3
20.33,33.9,88.91,10.15,84.3,86.27,4000,1693,8.23,7,3
4.6,10.95,44.45,5.0,98.66,40.85,1500,1539,1.53,0,0
8.43,14.66,55.17,6.04,95.84,54.52,2000,1760,2.77,3,1
8.4,14.82,56.76,5.97,95.48,52.02,3000,2778,2.96,1,1
5.21,9.21,43.54,5.09,98.66,38.28,2500,2484,1.53,0,0
5.32,10.66,44.93,4.88,98.57,40.92,2500,2476,1.55,1,0
8.33,13.13,55.5,5.79,95.67,51.86,2000,1710,2.71,3,1
10.45,20.56,77.87,7.49,92.68,70.06,3500,2723,5.37,4,2
4.97,10.2,46.11,5.1,98.41,39.01,1500,1505,1.39,0,0
6.92,14.64,54.14,5.67,96.44,54.55,3000,2703,3.01,0,1
7.09,12.22,55.0,5.55,96.6,54.94,3000,2810,2.7,2,1
10.72,21.09,77.9,7.22,90.83,67.51,3500,2535,5.88,5,2
5.35,9.91,46.24,4.98,98.53,39.79,2000,2046,1.65,0,0
4.92,10.64,43.83,4.99,98.65,40.13,2500,2520,1.46,1,0
17.26,33.91,91.42,9.55,82.03,86.68,4000,1886,10.43,6,3
21.3,31.34,100.71,10.4,82.37,92.27,4000,2168,9.51,6,3
17.93,37.36,95.86,9.09,82.86,91.31,4000,1783,8.85,8,3
11.01,24.26,75.83,7.96,90.74,68.74,3500,2511,6.36,4,2
7.18,12.26,52.45,5.91,96.78,53.4,3000,2806,2.62,2,1
8.37,12.82,54.68,5.97,95.78,52.06,2500,2260,2.78,0,1
11.9,22.97,73.85,7.61,91.59,72.42,3500,2558,4.55,2,2
11.42,22.75,71.11,7.52,91.51,70.53,3500,2636,6.35,2,2
12.0,20.39,73.35,7.26,92.98,71.69,3500,2845,6.37,3,2
13.93,20.32,78.05,7.7,91.04,68.27,3500,2700,5.66,5,2
4.52,9.56,45.21,5.08,98.31,40.14,2000,2035,1.63,1,0
13.74,20.42,74.9,7.94,91.13,73.2,3500,2591,6.46,5,2
5.2,9.63,45.43,5.12,98.38,41.59,1500,1516,1.66,1,0
4.73,9.27,44.71,4.97,98.8,39.4,2000,2038,1.52,1,0
4.87,9.68,43.57,4.9,98.24,41.54,2000,1998,1.61,0,0
8.19,14.42,55.09,5.53,95.89,51.36,2500,2334,2.61,1,1
6.87,13.71,52.37,5.95,95.59,51.48,2500,2381,2.7,2,1
8.41,12.55,56.93,5.74,95.72,50.96,3000,2846,3.0,3,1
19.81,35.56,95.1,10.03,82.47,93.03,4000,1550,8.12,7,3
4.65,9.93,45.08,5.17,98.68,39.09,2500,2547,1.46,0,0
5.27,10.28,43.86,4.99,98.61,40.68,2500,2540,1.53,0,0
6.59,15.57,53.53,5.84,96.08,50.76,2000,1838,3.06,1,1
13.17,19.68,73.77,7.77,92.5,66.77,3500,2779,5.7,2,2
13.74,23.83,75.2,7.71,91.52,69.4,3500,2654,5.27,5,2
21.96,36.81,91.57,10.55,86.42,88.24,4000,1533,10.05,9,3
22.02,38.61,92.29,9.94,83.15,87.47,4000,2374,8.78,6,3
6.69,12.38,53.54,5.65,95.45,53.46,2000,1797,3.28,1,1
10.35,20.38,79.74,7.73,92.36,67.88,3500,2685,6.18,3,2
7.28,13.19,55.05,5.92,95.84,51.27,3000,2851,3.08,0,1
7.66,12.96,54.03,5.81,96.04,50.43,2500,2332,3.17,3,1
7.34,13.17,56.18,5.9,95.39,51.92,2000,1835,3.23,2,1
12.08,21.75,74.02,7.67,92.26,70.5,3500,2824,4.82,5,2
23.11,33.15,97.07,10.28,84.47,91.3,4000,1856,7.32,6,3
12.2,19.96,73.7,7.78,91.41,66.64,3500,2540,5.87,6,2
5.35,10.23,46.05,5.04,98.22,39.26,2000,2047,1.52,1,0
8.23,15.95,52.48,5.74,96.34,51.32,2500,2338,2.99,1,1
4.6,10.52,45.03,5.03,98.29,41.06,2500,2509,1.5,0,0
16.08,38.53,102.25,9.85,83.75,94.09,4000,1986,10.47,9,3
7.04,13.65,52.0,5.5,95.72,51.02,2000,1709,2.82,2,1
11.38,24.52,79.32,7.67,93.14,66.96,3500,2608,4.54,5,2
4.65,10.61,46.03,4.81,98.38,38.57,2000,2006,1.57,0,0
13.32,24.02,76.89,7.47,92.32,69.66,3500,2583,4.52,3,2
6.85,15.01,52.11,5.56,96.4,51.67,3000,2734,3.48,1,1
18.6,37.21,99.81,10.35,86.21,88.55,4000,1642,7.0,5,3
4.56,9.45,45.68,5.0,98.46,39.0,2500,2477,1.48,1,0
5.09,10.0,43.61,4.89,98.56,41.48,2500,2545,1.66,0,0
10.47,24.99,71.69,7.9,93.25,73.22,3500,2610,6.15,6,2
4.73,10.82,46.18,5.04,98.65,38.7,2500,2498,1.36,0,0
8.36,13.0,53.22,5.64,95.89,53.11,2000,1846,3.35,2,1
6.82,14.24,52.63,6.05,96.21,54.67,3000,2794,2.85,0,1
7.11,14.99,52.78,5.83,96.64,53.96,2000,1708,3.4,3,1
7.39,13.05,57.36,6.08,96.54,49.47,2500,2359,2.76,2,1
8.26,15.57,53.79,5.87,96.45,49.07,2000,1729,2.62,2,1
17.28,33.27,96.35,10.24,83.07,85.01,4000,1670,7.26,9,3
13.11,19.36,71.23,7.19,90.98,72.4,3500,2698,5.43,5,2
16.34,37.39,98.69,10.52,84.91,94.13,4000,1937,9.44,8,3
8.01,14.27,57.0,5.69,95.91,49.33,2500,2307,2.89,1,1
7.86,14.57,57.22,5.62,96.6,54.89,2500,2341,2.87,0,1
5.3,10.0,46.46,4.94,98.41,39.2,2000,2028,1.52,0,0
5.0,9.6,43.63,4.8,98.26,41.4,1500,1545,1.59,1,0
23.78,34.44,93.46,9.28,87.25,89.55,4000,2122,10.98,9,3
7.66,13.48,54.88,5.6,96.6,54.38,2500,2219,2.91,1,1
5.17,9.34,43.89,4.99,98.64,40.18,1500,1467,1.64,1,0
11.93,21.31,70.1,7.1,91.64,72.98,3500,2834,5.67,3,2
4.72,10.32,43.6,5.08,98.23,40.02,1500,1535,1.47,0,0
21.36,34.21,97.43,10.55,85.29,92.03,4000,1834,7.1,9,3
5.39,10.74,45.08,5.0,98.47,38.49,2500,2474,1.56,1,0
4.64,10.32,44.47,5.01,98.74,38.05,2000,1963,1.56,1,0
8.17,12.3,57.75,5.55,96.78,49.1,3000,2730,3.03,2,1
4.92,9.99,44.91,5.15,98.56,40.25,2500,2451,1.51,0,0
10.13,20.23,75.13,7.78,93.13,72.12,3500,2568,4.77,6,2
11.69,23.86,72.93,7.58,91.63,73.97,3500,2723,5.0,3,2
7.08,15.4,55.17,5.87,95.54,53.37,2000,1708,3.0,1,1
12.6,19.66,79.13,7.43,93.49,69.41,3500,2780,5.45,3,2
5.39,10.24,46.89,5.08,98.71,40.68,2500,2518,1.6,1,0
16.97,36.21,90.93,10.03,87.41,94.33,4000,2068,9.96,5,3
11.52,24.64,77.56,7.95,91.26,67.21,3500,2520,5.9,4,2
6.99,14.46,54.49,6.02,95.44,50.17,2000,1724,2.52,2,1
10.05,23.36,75.58,7.76,90.53,70.66,3500,2812,5.69,5,2
17.19,36.53,93.53,9.97,83.37,90.75,4000,2023,7.77,8,3
7.31,14.27,52.89,5.94,95.55,49.95,2000,1886,2.6,3,1
19.67,35.87,96.41,9.89,82.4,91.08,4000,1679,7.7,7,3
11.02,21.99,74.32,7.4,93.36,68.03,3500,2814,5.15,4,2
4.64,10.94,44.65,5.07,98.57,39.89,2000,2015,1.58,0,0
16.27,38.26,99.51,9.38,85.61,88.11,4000,2188,8.97,8,3
8.49,12.02,53.43,5.98,95.97,49.39,2500,2389,3.12,3,1
21.25,33.74,90.33,9.67,83.05,92.21,4000,1814,9.04,7,3
21.26,34.73,100.79,9.4,83.2,88.84,4000,1579,9.46,8,3
13.05,20.59,76.18,7.51,93.22,66.5,3500,2528,4.65,6,2
20.26,38.18,98.16,9.3,83.16,88.53,4000,1943,9.33,7,3
7.05,15.86,52.86,5.69,95.26,49.77,3000,2894,2.55,2,1
4.86,9.92,43.68,4.82,98.41,40.82,2500,2486,1.54,1,0
6.53,14.98,53.44,5.65,95.95,49.95,2500,2325,2.97,1,1
7.13,12.02,56.52,5.91,96.22,50.35,2500,2290,3.42,2,1
10.88,19.12,75.74,7.99,91.11,67.45,3500,2659,6.09,4,2
20.71,36.61,98.68,9.18,85.87,89.69,4000,1607,10.13,7,3
6.84,13.1,56.21,5.79,96.53,53.24,3000,2708,3.19,0,1
4.61,10.88,43.41,4.95,98.77,40.51,2500,2528,1.62,0,0
7.46,14.91,52.28,5.95,95.32,52.02,2500,2391,3.44,0,1
11.62,24.65,75.03,7.88,92.7,72.44,3500,2501,6.36,6,2
18.96,32.29,94.28,9.13,83.74,94.9,4000,2382,7.94,5,3
18.36,34.51,99.97,9.68,83.32,91.48,4000,2447,8.71,5,3
11.77,24.36,78.16,7.62,91.78,67.2,3500,2785,5.27,6,2
22.7,37.08,98.75,9.89,84.21,87.1,4000,1673,7.99,9,3
5.21,10.57,45.03,5.07,98.47,41.35,2000,1954,1.5,0,0
21.84,32.07,100.11,9.42,87.96,88.96,4000,1653,8.61,7,3
5.45,9.8,43.07,4.82,98.33,38.79,2000,1968,1.45,1,0
7.07,12.59,52.83,6.0,95.48,51.27,2000,1819,2.58,0,1
4.97,10.07,44.76,5.17,98.39,41.43,1500,1546,1.42,0,0
10.82,24.24,74.78,7.86,90.8,66.26,3500,2832,6.1,6,2
10.69,24.19,70.72,7.85,92.5,72.95,3500,2825,4.73,5,2
4.56,9.34,43.59,4.82,98.38,38.15,2500,2529,1.5,1,0
19.29,39.88,98.93,10.08,83.32,91.71,4000,1789,7.44,7,3
4.57,9.28,46.23,4.84,98.36,41.1,2500,2522,1.36,0,0
5.42,10.74,45.81,4.91,98.74,39.26,1500,1513,1.42,0,0
10.66,20.7,79.7,7.15,92.53,73.41,3500,2790,5.38,4,2
20.17,39.69,98.54,10.51,83.36,94.97,4000,1501,8.18,7,3
12.21,19.24,71.17,7.83,90.74,71.97,3500,2719,5.42,2,2
6.75,14.29,54.91,6.08,96.12,49.72,2000,1771,3.08,0,1
19.34,36.64,95.55,10.89,87.08,86.31,4000,2341,8.7,6,3
5.24,10.72,45.82,4.84,98.75,39.43,1500,1543,1.47,0,0
4.99,9.81,43.83,4.83,98.24,40.67,1500,1461,1.46,0,0
6.84,13.92,54.48,6.09,96.68,51.31,3000,2852,3.42,0,1
18.78,39.28,93.53,10.88,84.08,91.95,4000,2316,10.76,5,3
5.02,9.65,46.06,5.13,98.46,38.61,2000,2029,1.65,0,0
7.65,13.81,52.58,6.0,95.71,49.22,2000,1876,2.52,3,1
22.48,39.05,93.39,9.46,87.6,91.92,4000,2306,7.87,8,3
11.68,19.74,77.33,7.69,91.61,66.47,3500,2600,5.44,2,2
5.4,9.03,45.53,4.97,98.75,38.59,1500,1530,1.64,1,0
4.79,9.07,45.2,4.86,98.27,38.8,2000,2010,1.43,1,0
6.86,15.58,55.51,6.03,95.41,52.52,3000,2823,3.05,2,1
6.78,14.45,57.35,6.1,96.44,54.14,3000,2840,3.48,1,1
12.9,22.03,72.68,7.62,91.8,70.58,3500,2769,5.89,4,2
6.56,15.72,52.74,6.07,95.95,51.85,2000,1739,2.68,0,1
18.42,34.69,95.8,10.33,84.96,93.74,4000,2344,10.62,8,3
17.9,35.42,88.97,10.36,87.97,91.75,4000,2464,8.17,5,3
11.92,24.76,76.04,7.46,90.98,73.53,3500,2749,5.32,6,2
18.93,36.33,94.87,9.84,87.19,88.57,4000,2384,7.21,6,3
8.11,14.87,57.88,5.96,96.33,51.66,2000,1824,3.33,2,1
4.54,9.75,44.28,4.92,98.55,41.27,1500,1541,1.43,1,0
6.61,15.78,53.44,5.76,96.27,51.74,3000,2899,2.91,3,1
8.05,12.91,52.18,5.6,96.18,50.69,2000,1757,3.49,0,1
13.91,19.81,71.06,7.22,90.72,71.8,3500,2750,5.25,3,2
5.4,9.16,46.85,4.86,98.32,38.89,1500,1466,1.42,1,0
20.15,32.29,94.51,10.45,86.54,87.3,4000,2173,8.85,7,3
17.75,31.08,94.35,9.45,85.47,94.79,4000,1848,7.01,6,3
11.6,19.2,74.32,7.7,91.5,70.67,3500,2811,4.54,6,2
10.92,24.82,79.07,7.65,91.39,73.76,3500,2548,5.39,6,2
8.48,13.77,54.7,5.84,96.68,51.92,2500,2354,3.23,0,1
6.86,13.45,53.38,5.93,96.1,50.33,2500,2349,3.4,1,1
16.33,39.04,94.8,9.09,85.23,94.68,4000,1782,10.13,5,3
23.86,38.87,95.61,9.77,83.45,88.64,4000,2226,7.5,6,3
6.87,15.31,52.55,5.5,96.36,50.13,2500,2399,2.51,1,1
7.71,12.55,55.55,5.64,96.32,49.07,2000,1891,2.73,3,1
12.02,19.34,70.87,7.88,92.6,69.41,3500,2809,6.45,4,2
17.75,33.98,102.93,9.39,86.81,90.44,4000,1748,10.91,6,3
16.0,37.66,98.32,10.89,85.9,86.88,4000,1595,7.85,7,3
5.2,9.73,44.44,5.04,98.7,40.44,2000,1984,1.38,1,0
7.9,12.39,53.11,5.68,95.35,52.29,2500,2341,2.9,2,1
10.94,22.91,71.46,7.58,92.3,72.88,3500,2777,5.06,6,2
5.31,9.64,44.64,5.13,98.61,41.7,1500,1502,1.68,1,0
12.1,23.81,72.73,7.76,90.72,69.21,3500,2624,6.16,2,2
4.91,10.15,44.0,5.07,98.77,40.41,2000,1980,1.64,1,0
4.8,9.58,44.41,5.09,98.62,38.4,2500,2451,1.55,1,0
4.64,10.73,43.61,5.02,98.44,39.0,2000,1971,1.49,1,0
4.54,9.43,46.98,5.18,98.74,38.85,1500,1535,1.35,0,0
4.59,9.57,46.02,4.83,98.77,38.63,1500,1508,1.59,1,0
11.63,22.12,79.7,7.59,92.64,70.75,3500,2856,6.0,3,2
13.16,23.83,79.14,7.64,91.59,67.45,3500,2687,4.57,5,2
7.99,15.68,55.84,5.82,96.35,53.66,3000,2888,2.81,3,1
6.52,14.18,54.48,5.9,96.37,51.25,2000,1881,2.8,2,1
4.81,10.29,43.06,5.06,98.41,38.25,2000,1970,1.45,1,0
4.61,9.75,46.75,5.15,98.28,38.95,1500,1544,1.31,1,0
6.93,15.69,53.5,5.82,95.52,53.64,3000,2718,3.09,3,1
4.9,10.15,44.4,4.98,98.49,40.09,2500,2544,1.48,0,0
5.23,9.78,46.85,5.0,98.47,40.19,2000,1956,1.38,0,0
11.49,19.32,75.2,7.71,93.11,69.38,3500,2823,4.65,4,2
20.43,30.56,102.09,9.65,83.31,86.91,4000,1574,9.88,10,3
13.85,23.91,70.35,7.97,92.25,68.32,3500,2837,5.29,6,2
20.0,36.58,90.96,9.83,85.38,88.87,4000,1763,10.42,7,3
4.95,10.12,46.98,5.1,98.49,38.56,2500,2462,1.69,0,0
4.61,10.04,45.27,5.03,98.61,40.81,2000,2039,1.38,1,0
18.69,39.15,97.46,9.34,83.59,92.01,4000,2338,7.47,8,3
7.55,14.52,54.03,5.77,96.03,54.98,2500,2281,3.1,2,1
6.68,12.29,53.57,5.97,95.92,49.58,2500,2392,2.94,1,1
13.26,24.76,72.54,7.03,93.35,67.25,3500,2813,5.23,4,2
19.05,34.87,89.79,10.3,83.53,89.51,4000,2437,7.89,5,3
11.4,21.69,77.36,7.46,92.31,70.44,3500,2744,4.56,6,2
23.38,35.16,99.29,9.54,84.61,91.51,4000,2381,9.47,8,3
7.17,14.0,53.4,5.82,95.35,54.08,2000,1746,2.85,1,1
7.3,12.88,55.54,5.56,96.36,49.42,2000,1775,2.77,2,1
5.39,9.24,45.58,4.95,98.44,40.11,1500,1517,1.46,1,0
4.9,10.13,46.93,5.04,98.25,41.78,2000,1967,1.64,1,0
21.22,39.55,93.94,9.55,84.34,86.56,4000,2493,8.03,8,3
8.41,14.21,52.48,5.97,95.78,50.87,2000,1738,2.74,1,1
22.03,32.56,102.68,9.28,87.61,87.43,4000,2197,10.52,5,3
8.03,13.13,52.23,5.78,96.68,54.4,3000,2890,2.61,3,1
5.17,10.93,43.39,4.9,98.76,40.13,2000,1982,1.49,1,0
11.66,20.71,72.23,7.09,92.07,69.89,3500,2827,5.21,5,2
4.66,10.28,43.14,5.04,98.57,38.73,2000,2028,1.45,1,0
5.39,10.91,46.41,5.12,98.67,38.72,1500,1543,1.56,1,0
5.12,10.93,45.36,4.94,98.69,39.96,2000,2022,1.57,1,0
5.16,10.22,44.16,4.98,98.65,40.68,2500,2464,1.47,0,0
7.68,15.02,55.08,5.96,95.22,50.53,2000,1818,2.56,0,1
12.7,24.9,71.82,7.45,92.87,66.07,3500,2720,4.69,2,2
4.74,9.34,44.49,5.01,98.73,39.91,2500,2452,1.49,0,0
12.51,21.99,73.17,7.27,93.38,67.49,3500,2513,5.72,6,2
21.78,31.19,90.2,9.19,87.36,90.74,4000,1709,7.13,6,3
10.6,19.56,78.61,7.52,93.25,71.09,3500,2896,5.87,3,2
4.67,9.8,43.76,5.18,98.33,39.39,1500,1491,1.63,1,0
6.79,15.82,52.78,5.65,95.62,52.33,2000,1786,3.2,0,1
7.95,15.7,55.93,5.81,95.86,51.97,2500,2307,3.23,0,1
11.68,19.37,79.91,7.84,92.15,66.21,3500,2587,4.85,2,2
5.42,9.95,46.02,4.83,98.47,41.97,2000,1971,1.32,1,0
11.66,19.74,77.6,7.94,92.44,67.89,3500,2634,6.49,6,2
4.99,9.33,46.11,5.07,98.67,41.47,2000,2022,1.48,1,0
19.0,39.12,94.72,10.3,87.24,90.49,4000,1697,7.89,10,3
6.57,14.76,53.44,5.77,95.8,54.98,3000,2857,3.25,0,1
5.43,10.48,44.67,5.0,98.65,41.92,1500,1534,1.65,0,0
8.41,12.85,52.78,5.58,95.2,50.22,3000,2750,2.78,2,1
5.32,10.71,45.2,4.88,98.4,39.78,1500,1451,1.57,1,0
6.54,13.23,55.63,6.05,96.57,53.66,2500,2370,2.6,1,1
5.41,9.01,44.25,5.18,98.32,40.1,2500,2473,1.68,0,0
16.26,33.98,87.26,10.19,83.35,85.98,4000,1927,7.09,10,3
19.83,37.16,91.25,10.58,86.42,86.49,4000,2438,8.71,9,3
13.31,24.72,79.11,7.3,90.96,70.41,3500,2815,6.14,2,2
7.42,14.54,57.22,5.59,95.41,50.25,3000,2894,2.9,0,1
19.72,32.75,99.26,10.18,86.02,92.12,4000,2069,8.9,7,3
7.37,13.29,56.64,5.81,95.46,51.69,2500,2375,3.14,0,1
23.24,34.03,96.57,9.5,87.01,85.51,4000,1789,7.57,5,3
19.63,38.06,90.53,9.71,84.87,89.09,4000,2075,10.95,6,3
5.26,9.11,43.68,5.1,98.78,39.82,2000,1966,1.66,1,0
10.68,22.89,75.25,7.44,92.51,71.76,3500,2574,5.34,5,2
21.32,39.64,89.38,10.91,86.75,91.75,4000,2435,10.9,9,3
4.56,10.77,44.93,5.14,98.74,41.88,2000,2012,1.3,1,0
21.7,33.42,87.56,10.98,87.35,92.0,4000,2164,8.41,5,3
4.67,9.59,44.04,4.82,98.54,39.15,2500,2545,1.37,1,0
20.44,35.46,98.13,10.01,84.23,86.87,4000,2052,9.87,9,3
7.39,12.85,52.43,5.86,95.51,54.53,3000,2734,3.17,3,1
20.75,30.82,97.99,9.14,85.95,94.53,4000,2492,10.28,9,3
13.75,24.04,75.73,7.33,90.64,66.92,3500,2865,5.87,5,2
8.19,15.83,57.39,6.04,95.99,52.28,2500,2200,2.71,1,1
23.87,39.9,99.52,9.6,84.79,93.35,4000,1600,7.72,9,3
16.03,39.37,98.45,10.9,84.05,90.19,4000,2307,9.11,7,3
5.14,10.77,44.64,4.96,98.4,40.83,2000,1983,1.39,0,0
5.26,9.09,44.32,5.0,98.32,41.68,2500,2460,1.46,1,0
4.85,10.22,44.4,5.18,98.65,40.97,2500,2522,1.68,0,0
10.77,24.78,75.61,7.27,91.56,72.24,3500,2744,6.12,6,2
4.92,10.88,43.36,4.97,98.27,41.05,2000,2045,1.33,0,0
7.03,15.31,53.55,5.63,96.6,51.0,2500,2353,3.3,3,1
4.67,10.9,46.07,4.84,98.66,38.46,1500,1546,1.33,1,0
23.79,31.79,88.94,9.69,84.47,91.62,4000,2103,8.28,8,3
7.47,14.53,53.66,5.51,96.3,51.24,2500,2222,3.11,1,1
23.93,38.23,100.64,9.52,84.34,85.96,4000,1771,9.57,5,3
19.12,30.08,96.79,9.62,85.06,93.73,4000,2146,9.82,5,3
8.0,15.14,55.44,5.61,96.37,50.66,3000,2763,3.26,1,1
16.41,34.58,101.86,10.23,83.63,91.6,4000,2481,10.29,10,3
5.2,10.86,46.26,5.04,98.43,40.0,2500,2537,1.69,1,0
11.81,19.23,74.92,7.65,91.32,71.19,3500,2576,5.15,5,2
17.08,30.61,88.19,9.12,87.8,90.67,4000,1504,10.12,6,3
20.35,30.25,100.41,10.2,85.56,91.36,4000,1547,8.66,8,3
4.69,9.89,45.89,5.15,98.2,40.25,1500,1454,1.54,0,0
5.24,9.42,44.52,5.14,98.7,41.05,2000,2047,1.6,0,0
12.3,22.75,74.27,7.85,92.65,67.07,3500,2653,5.33,3,2
11.79,22.42,75.04,7.02,93.34,66.27,3500,2543,6.24,5,2
21.82,35.07,89.91,9.35,86.8,90.33,4000,1684,8.99,7,3
7.2,13.68,52.69,5.92,96.77,51.61,2000,1880,3.4,0,1
23.81,36.79,100.45,10.05,84.03,87.07,4000,1633,10.48,9,3
7.53,14.1,56.04,5.77,95.98,49.5,2500,2367,2.64,2,1
21.51,31.63,94.8,10.15,84.8,88.94,4000,1721,10.0,9,3
6.72,12.71,52.07,6.03,96.44,49.93,3000,2862,3.11,3,1
4.78,10.11,45.38,4.9,98.35,41.99,2500,2469,1.54,0,0
4.71,9.77,46.19,4.86,98.43,39.26,2500,2494,1.41,1,0
11.03,19.31,79.02,7.51,91.97,72.12,3500,2701,6.33,4,2
10.74,22.5,79.5,7.17,91.87,73.29,3500,2632,5.41,2,2
5.11,10.98,46.73,4.98,98.26,39.43,1500,1461,1.34,0,0
13.62,23.45,74.0,7.93,91.98,68.92,3500,2820,5.43,4,2
13.59,23.4,75.37,7.17,93.21,72.62,3500,2830,6.07,6,2
4.74,9.89,45.17,5.2,98.35,41.31,2500,2546,1.53,1,0
17.32,30.9,97.74,9.4,83.93,89.64,4000,2118,10.12,10,3
18.27,35.73,87.19,10.1,85.17,88.62,4000,1626,8.76,6,3
8.01,14.88,53.03,5.79,96.7,50.99,2500,2248,2.52,2,1
19.55,30.35,92.1,10.74,84.9,92.69,4000,1992,10.69,10,3
4.88,10.84,46.71,4.92,98.35,38.1,2000,1965,1.6,0,0
16.81,34.17,91.79,9.54,82.15,89.12,4000,2379,7.42,9,3
11.57,19.08,76.52,7.16,91.99,70.47,3500,2816,5.26,4,2
20.65,35.98,91.91,10.66,82.65,93.59,4000,2409,9.02,5,3
11.05,24.95,77.77,7.73,93.5,67.34,3500,2717,4.84,2,2
5.19,9.24,46.05,4.87,98.6,41.91,2500,2538,1.58,0,0
10.82,23.96,79.27,7.88,92.83,69.78,3500,2662,6.28,3,2
11.68,23.9,77.18,7.6,92.17,71.3,3500,2629,4.54,4,2
5.0,10.17,44.7,4.86,98.44,39.89,2000,1961,1.66,0,0
23.3,34.95,95.32,9.57,85.57,91.8,4000,1976,10.51,5,3
7.99,13.23,55.5,5.87,95.79,53.62,3000,2739,3.0,0,1
20.69,30.29,88.06,9.82,84.65,88.37,4000,1810,9.46,9,3
4.77,9.96,45.1,4.92,98.46,39.9,1500,1481,1.52,0,0
7.45,14.52,53.32,5.95,96.39,52.42,2000,1806,2.89,3,1
18.35,30.37,95.92,10.93,86.38,91.21,4000,2482,9.58,6,3
5.46,10.75,43.25,4.91,98.37,41.13,2500,2488,1.41,0,0
10.77,19.82,72.71,7.65,91.4,71.81,3500,2792,6.38,6,2
18.67,38.85,96.25,10.33,82.78,90.35,4000,2198,9.1,6,3
7.2,15.43,53.96,5.6,95.36,53.51,3000,2882,3.21,1,1
7.66,15.05,52.24,5.68,95.93,53.55,2000,1709,3.5,1,1
20.59,35.57,98.33,10.72,86.89,92.56,4000,1614,10.52,9,3
21.58,39.27,100.22,9.79,83.39,93.05,4000,1522,9.3,9,3
4.8,10.57,45.27,5.14,98.43,38.25,2500,2466,1.49,1,0
4.84,10.89,45.73,5.19,98.59,40.73,2000,1968,1.31,1,0
16.8,35.49,90.33,9.61,84.12,91.55,4000,2039,7.68,8,3
4.87,10.4,44.91,4.83,98.3,39.09,2000,2000,1.44,0,0
7.39,12.95,56.98,5.56,95.31,51.48,2000,1778,2.95,3,1
5.46,10.44,44.31,4.88,98.77,39.21,2500,2464,1.59,0,0
6.83,12.41,53.54,5.9,95.61,51.77,2500,2385,2.54,1,1
6.68,15.25,53.65,5.64,95.79,53.1,2500,2249,2.69,0,1
23.11,39.93,100.05,10.47,82.16,86.35,4000,2295,9.2,7,3
4.63,10.79,45.1,5.07,98.34,38.6,2000,2011,1.4,0,0
5.32,10.62,46.36,4.91,98.49,41.52,2500,2501,1.62,0,0
8.01,15.41,54.27,5.79,95.32,50.21,2500,2334,3.5,2,1
6.7,12.08,56.55,5.66,95.32,53.71,2500,2338,3.33,2,1
22.0,30.41,93.98,10.82,86.23,91.22,4000,1784,9.16,9,3
12.75,21.23,73.32,7.72,91.23,68.51,3500,2805,5.29,5,2
16.49,35.19,98.32,9.0,87.61,92.66,4000,2343,9.23,10,3
22.28,38.44,102.59,9.79,87.11,95.0,4000,1803,7.97,5,3
4.52,10.82,46.55,5.02,98.63,41.27,2500,2461,1.38,0,0
13.82,24.17,72.23,7.3,92.44,67.35,3500,2833,4.92,4,2
10.96,22.38,75.75,7.77,93.0,73.51,3500,2548,6.21,3,2
16.11,37.91,97.87,9.58,83.87,87.13,4000,2034,10.87,7,3
12.11,19.13,78.93,7.21,92.39,72.79,3500,2833,5.12,4,2
4.64,10.41,46.1,5.11,98.73,39.36,2000,2032,1.37,1,0
5.17,10.68,46.31,4.92,98.56,40.1,1500,1489,1.41,0,0
8.24,13.96,52.28,5.91,95.31,50.88,2000,1821,3.46,0,1
10.89,19.29,70.37,7.66,93.01,71.06,3500,2828,5.18,6,2
4.76,9.48,44.08,4.89,98.49,39.51,2500,2493,1.53,0,0
10.87,24.33,73.42,7.63,92.84,72.68,3500,2657,5.28,3,2
5.19,9.89,44.09,4.99,98.58,41.67,2500,2463,1.44,0,0
4.55,9.29,43.83,4.97,98.67,41.19,2000,1991,1.68,0,0
12.26,23.84,78.14,7.71,92.19,73.79,3500,2695,5.21,5,2
4.52,9.65,44.8,4.97,98.71,40.63,2500,2503,1.68,1,0
13.58,20.67,77.09,7.49,92.63,69.83,3500,2771,4.89,6,2
4.86,9.28,43.69,4.99,98.47,38.65,2500,2531,1.4,1,0
7.38,12.4,52.15,5.7,95.46,51.53,2500,2244,2.98,0,1
7.65,12.84,56.95,5.92,95.76,53.63,3000,2803,3.05,1,1
16.88,35.76,101.98,10.46,84.64,87.95,4000,2076,9.97,8,3
18.77,31.01,90.25,9.19,84.96,93.49,4000,2330,9.07,6,3
8.23,14.37,54.01,5.64,95.96,49.32,2500,2365,3.07,0,1
18.69,35.47,93.0,9.58,83.16,89.91,4000,1710,8.74,5,3
19.66,33.61,94.18,9.07,84.77,85.35,4000,2392,7.59,10,3
4.87,10.55,45.89,4.88,98.52,39.71,1500,1534,1.58,0,0
4.69,9.5,46.41,4.8,98.53,39.52,2000,1971,1.58,0,0
8.33,15.94,53.55,6.0,96.41,53.49,2500,2290,3.22,1,1
8.27,14.48,54.41,5.55,95.21,53.42,2500,2246,2.84,3,1
16.09,32.75,95.95,9.47,86.03,85.23,4000,2292,8.41,9,3
7.96,13.16,52.24,6.08,95.98,53.98,2500,2205,2.53,1,1
17.7,36.57,96.63,10.88,86.4,86.91,4000,1542,9.66,10,3
10.88,22.13,77.63,7.89,91.65,72.46,3500,2762,5.65,3,2
19.26,38.05,100.89,9.21,85.06,88.37,4000,2417,10.75,10,3
6.85,13.84,57.43,5.84,96.0,54.03,2500,2253,3.39,0,1
13.51,23.09,73.96,7.02,91.74,72.38,3500,2567,6.23,6,2
8.35,15.37,55.67,5.9,95.53,49.69,2000,1897,2.98,1,1
6.7,12.29,54.06,6.04,95.78,49.5,2000,1748,2.76,1,1
12.1,23.78,72.0,7.38,92.59,68.06,3500,2717,5.35,6,2
11.42,19.05,73.25,7.05,92.83,70.78,3500,2893,4.96,6,2
7.09,12.57,54.49,5.78,96.24,50.91,2000,1735,3.2,3,1
12.55,23.61,75.17,7.28,91.5,66.93,3500,2583,6.05,4,2
7.45,15.22,53.72,5.94,95.6,53.35,3000,2866,2.64,2,1
13.11,20.32,73.2,7.78,92.9,68.39,3500,2679,5.66,4,2
17.79,33.87,93.72,10.67,86.49,92.46,4000,1539,10.7,10,3
5.03,10.6,45.48,4.81,98.4,40.33,2500,2471,1.33,0,0
7.51,14.69,56.91,5.87,96.16,52.64,2500,2378,3.46,0,1
13.47,21.23,73.52,7.87,93.47,71.13,3500,2580,6.03,4,2
8.33,13.69,57.55,5.68,96.67,53.69,2000,1841,2.81,2,1
8.12,13.94,52.72,5.97,96.27,53.14,3000,2832,3.12,0,1
5.35,10.61,43.14,5.02,98.41,39.4,2000,2009,1.42,1,0
7.06,12.53,54.35,5.88,95.63,49.09,2000,1885,3.05,3,1
11.09,21.14,71.22,7.17,93.49,70.31,3500,2812,5.1,4,2
22.19,38.07,95.76,10.11,87.66,88.8,4000,2000,9.8,8,3
5.31,10.64,44.75,4.83,98.59,39.03,2000,2030,1.43,0,0
5.43,9.71,44.92,4.95,98.54,41.38,2000,2013,1.69,0,0
17.73,35.64,95.06,10.19,82.18,86.58,4000,1664,8.65,10,3
5.44,9.27,45.68,4.99,98.7,39.56,2000,1994,1.39,1,0
19.59,37.89,97.7,9.72,83.49,90.89,4000,2199,7.98,5,3
22.46,31.0,89.92,10.04,82.45,88.24,4000,2124,10.86,8,3
12.75,21.13,78.34,7.11,91.08,72.03,3500,2503,5.36,5,2
13.17,19.28,78.93,7.07,90.92,73.1,3500,2721,4.84,2,2
18.86,38.28,89.65,9.34,82.43,85.94,4000,1565,10.63,5,3
7.85,15.4,55.8,6.07,96.09,50.62,3000,2839,2.81,3,1
19.78,33.93,100.86,9.34,83.2,92.53,4000,2499,7.96,5,3
5.39,10.65,46.07,5.13,98.55,39.27,2500,2536,1.47,1,0
19.54,32.14,102.15,10.49,83.35,87.31,4000,2137,9.69,6,3
7.84,12.51,55.55,5.85,95.91,50.12,2500,2393,2.9,3,1
20.58,31.18,101.88,9.59,82.13,93.6,4000,1951,10.76,8,3
5.47,10.78,43.88,5.05,98.55,40.61,1500,1468,1.37,0,0
5.03,9.4,46.3,5.08,98.64,40.48,2500,2500,1.44,1,0
20.01,38.32,98.04,9.81,82.77,90.06,4000,2410,8.01,8,3
8.07,14.99,57.77,5.99,96.02,49.99,2000,1780,2.79,1,1
22.49,30.95,102.25,10.5,87.21,85.59,4000,1752,8.79,6,3
4.77,10.43,44.71,4.97,98.66,38.51,2500,2545,1.65,1,0
7.95,13.48,52.35,5.81,96.44,53.54,2000,1846,3.46,1,1
16.72,36.98,101.14,10.81,87.59,85.18,4000,1953,9.71,8,3
7.6,13.75,53.03,5.81,95.54,54.24,3000,2846,2.83,3,1
5.02,9.15,46.61,5.13,98.68,38.33,2500,2524,1.63,0,0
22.23,34.99,93.37,9.08,83.27,94.66,4000,1549,7.44,5,3
7.81,13.24,53.36,5.85,96.22,49.7,3000,2847,3.28,1,1
8.27,12.07,57.33,5.59,95.41,52.13,2500,2239,3.44,1,1
21.95,31.55,97.38,9.42,87.69,90.77,4000,1612,8.95,5,3
4.59,9.71,45.76,4.94,98.61,41.01,1500,1516,1.49,1,0
20.68,33.93,96.67,10.48,82.04,87.19,4000,1992,10.42,9,3
5.23,9.62,43.82,5.16,98.58,41.23,2500,2531,1.56,1,0
6.71,13.41,53.66,5.51,95.33,51.7,2000,1856,2.55,3,1
23.08,32.41,98.57,10.53,86.37,86.19,4000,2366,10.26,8,3
13.58,20.82,70.61,7.73,93.23,66.75,3500,2645,5.61,5,2
22.47,33.13,100.12,9.12,84.82,87.9,4000,1594,7.24,6,3
7.55,14.26,55.39,6.03,96.03,50.27,2000,1822,2.95,2,1
4.96,10.86,45.3,5.03,98.69,38.52,2000,1961,1.39,0,0
23.4,35.16,102.99,10.17,87.41,89.77,4000,1563,7.93,5,3
8.42,13.96,52.75,5.6,95.48,52.25,3000,2823,3.14,3,1
13.07,21.09,73.89,7.83,91.26,73.61,3500,2677,4.51,5,2
10.19,19.96,72.95,7.3,92.34,72.25,3500,2677,6.1,4,2
18.79,39.57,91.76,9.51,82.13,86.2,4000,2176,7.58,7,3
7.8,15.0,56.95,5.94,96.71,50.75,2000,1860,3.18,0,1
20.59,35.38,88.38,10.33,86.42,91.64,4000,2321,9.36,8,3
7.57,13.7,55.47,5.55,96.46,51.75,2500,2391,2.87,0,1
11.42,19.89,78.85,7.55,91.42,68.04,3500,2585,6.16,3,2
19.12,38.95,87.36,9.98,87.85,93.84,4000,1555,9.01,8,3
5.1,10.17,46.82,4.86,98.5,38.19,2500,2495,1.4,0,0
19.88,33.37,95.03,10.1,85.74,93.61,4000,2499,7.03,6,3
4.53,10.99,44.16,4.95,98.56,39.04,2000,2021,1.68,1,0
17.62,31.03,91.69,10.24,83.58,91.46,4000,1980,10.66,9,3
6.61,14.37,55.48,5.51,96.03,53.41,3000,2820,3.36,1,1
5.03,10.0,46.59,4.97,98.22,39.09,2000,2045,1.66,0,0
8.17,14.62,57.06,6.08,95.95,50.77,2500,2325,3.15,0,1
13.62,19.98,71.24,7.79,92.38,67.62,3500,2707,6.0,2,2
7.13,14.33,52.48,5.76,96.38,51.28,2000,1885,2.65,1,1
7.25,12.4,52.43,6.0,96.31,51.38,2500,2238,2.93,3,1
13.11,20.04,78.92,7.55,92.69,68.79,3500,2769,6.34,5,2
23.27,30.56,90.45,9.35,83.52,92.1,4000,1750,9.01,8,3
5.06,10.64,46.52,5.17,98.36,39.19,2500,2542,1.65,0,0
7.69,12.07,57.3,5.54,95.88,54.12,2500,2297,2.98,3,1
16.5,35.56,93.38,9.5,85.91,90.45,4000,1980,8.99,6,3
21.71,34.16,93.86,9.37,87.14,89.27,4000,2071,8.9,7,3
21.84,33.19,101.92,9.99,82.45,93.22,4000,2202,9.3,9,3
4.91,10.84,43.54,5.01,98.47,38.18,2500,2486,1.34,0,0
7.78,12.85,57.09,5.91,96.74,49.7,2000,1885,2.51,2,1
8.46,13.89,53.6,5.84,96.7,50.99,2000,1873,2.93,1,1
10.5,22.25,70.1,7.46,90.59,70.17,3500,2846,4.87,3,2
19.74,37.19,87.17,9.12,82.98,85.97,4000,2476,7.33,7,3
4.78,10.34,43.06,5.01,98.64,39.1,2500,2478,1.42,1,0
11.99,24.69,74.57,7.49,91.83,67.65,3500,2791,5.81,5,2
17.21,31.33,101.08,9.55,83.72,90.03,4000,2181,8.49,5,3
12.45,23.25,79.43,7.0,91.66,72.57,3500,2850,6.33,4,2
7.26,13.35,56.39,6.07,96.35,50.73,2000,1806,2.69,0,1
18.66,31.75,95.38,9.85,86.01,86.82,4000,1683,9.58,5,3
6.51,12.27,55.37,5.7,95.93,52.59,2000,1816,3.48,3,1
22.74,30.84,92.37,9.62,87.46,87.23,4000,1585,7.88,9,3
21.53,33.73,100.22,10.16,86.59,88.33,4000,1664,8.58,10,3
4.87,9.98,46.76,4.94,98.78,41.86,2000,2039,1.64,0,0
4.56,9.8,45.96,4.88,98.21,39.36,2500,2500,1.68,0,0
13.53,20.62,73.63,7.87,91.15,73.41,3500,2851,5.47,4,2
7.83,12.31,56.63,6.04,95.38,53.73,2000,1713,2.9,2,1
13.65,23.3,72.12,7.22,91.62,68.53,3500,2863,4.74,2,2
12.47,22.34,70.7,7.25,91.62,73.58,3500,2655,5.86,3,2
10.98,24.07,71.23,7.61,92.49,69.67,3500,2757,5.21,3,2
7.74,13.33,57.28,5.62,95.25,49.55,2500,2342,3.21,3,1
5.42,10.7,44.84,5.08,98.4,41.21,1500,1475,1.54,0,0
7.68,12.35,55.22,5.91,95.8,49.72,2000,1725,2.85,0,1
4.81,10.48,45.57,5.06,98.57,40.38,2000,2035,1.45,1,0
4.91,10.49,44.32,4.88,98.48,40.52,2000,1957,1.55,0,0
10.57,24.02,70.57,7.16,91.02,66.56,3500,2675,4.61,3,2
6.98,13.94,54.11,5.74,95.54,52.24,2500,2301,2.6,2,1
11.12,20.12,78.82,7.64,91.13,72.24,3500,2692,4.57,3,2
10.42,23.02,72.65,7.2,90.65,73.7,3500,2785,5.76,6,2
20.48,37.14,93.97,9.56,86.94,93.11,4000,1562,8.23,5,3
22.43,36.37,88.12,10.23,85.88,88.06,4000,2042,8.45,7,3
12.43,21.1,70.05,7.99,93.43,71.95,3500,2649,5.61,3,2
13.88,20.69,74.75,7.4,93.24,66.84,3500,2825,5.97,3,2
20.74,35.32,100.45,9.88,83.05,85.89,4000,1822,7.08,7,3
7.17,13.21,55.79,6.01,96.09,54.92,2500,2252,2.84,2,1
7.01,13.19,56.62,5.66,96.79,50.96,2500,2256,3.23,3,1
6.79,14.81,52.16,5.86,95.21,50.48,2000,1841,3.32,3,1
8.02,13.71,57.6,6.04,96.69,52.35,3000,2884,3.49,3,1
5.1,10.85,46.09,5.14,98.64,38.08,2500,2527,1.63,1,0
12.46,20.95,73.83,7.62,91.24,66.46,3500,2794,5.37,4,2
5.03,9.5,45.93,5.02,98.7,39.57,2500,2522,1.49,1,0
5.14,10.46,45.56,4.97,98.48,41.85,2000,2004,1.36,1,0
11.7,24.49,75.98,7.82,90.81,66.56,3500,2883,5.85,5,2
4.64,10.95,45.34,5.04,98.31,39.87,2500,2525,1.41,0,0
8.5,12.62,53.19,5.5,96.39,51.17,2000,1775,3.21,3,1
12.95,22.79,72.36,7.71,92.96,68.4,3500,2721,4.61,2,2
5.06,10.77,44.48,5.17,98.67,40.31,1500,1464,1.37,1,0
16.09,35.33,97.25,10.15,83.58,85.78,4000,2197,9.36,10,3
5.5,9.58,44.44,5.07,98.37,41.37,2500,2514,1.37,0,0
5.24,9.66,44.67,4.84,98.47,40.15,2000,1965,1.32,0,0
7.77,14.11,53.83,5.84,95.98,54.06,2000,1890,3.32,0,1
5.37,9.61,44.44,5.13,98.72,40.51,1500,1496,1.64,1,0
7.62,14.72,54.35,5.53,95.63,50.87,2500,2222,2.55,0,1
13.78,22.84,72.57,7.91,92.76,73.63,3500,2712,4.76,3,2
8.12,14.27,56.29,5.66,95.32,52.93,3000,2829,2.8,2,1
23.43,30.74,102.47,9.46,84.01,86.43,4000,2445,10.73,5,3
21.89,37.53,95.43,9.22,83.63,86.59,4000,2350,10.76,10,3
13.97,19.03,77.17,7.35,92.04,73.88,3500,2836,4.76,5,2
23.01,36.14,96.07,10.83,82.71,88.6,4000,1515,9.1,10,3
20.52,36.48,92.53,9.56,87.25,92.72,4000,2368,9.62,8,3
10.3,22.94,71.43,7.34,91.69,72.28,3500,2795,4.74,2,2
4.87,9.59,45.42,4.96,98.39,41.39,2500,2486,1.31,0,0
10.71,24.15,74.17,7.18,91.51,66.31,3500,2847,5.86,3,2
11.85,24.72,78.64,7.63,90.56,72.83,3500,2693,6.05,5,2
12.71,22.64,70.74,7.97,92.54,71.76,3500,2644,6.42,6,2
5.45,10.44,47.0,4.84,98.42,39.72,2000,1973,1.35,0,0
12.7,19.35,71.14,7.71,91.56,71.43,3500,2700,5.93,2,2
10.05,22.84,73.24,7.35,91.52,73.14,3500,2768,6.26,6,2
10.28,19.69,74.67,7.63,93.37,73.43,3500,2763,4.98,5,2
18.45,31.23,102.32,9.25,83.37,90.14,4000,1704,7.13,8,3
13.79,24.97,74.8,7.15,91.83,72.2,3500,2612,6.38,2,2
10.51,22.65,79.65,7.09,91.49,73.87,3500,2559,4.9,5,2
19.75,32.35,96.03,10.57,85.87,93.17,4000,1972,7.4,6,3
7.88,12.59,57.34,5.66,95.83,54.58,2500,2280,3.11,2,1
10.97,21.44,78.78,7.79,90.59,72.28,3500,2681,6.4,2,2
21.89,36.07,92.2,9.08,86.07,90.4,4000,2193,10.63,6,3
7.9,14.55,54.15,5.69,96.78,52.91,2000,1843,3.06,1,1
5.14,9.81,44.64,4.92,98.61,39.01,1500,1482,1.38,1,0
11.62,22.27,75.41,7.72,91.34,66.01,3500,2848,5.08,2,2
6.67,14.42,57.77,5.7,96.29,51.09,2500,2231,3.36,3,1
7.85,14.04,56.24,6.04,95.62,54.06,2500,2348,3.3,3,1
10.8,21.4,78.95,7.01,92.01,72.15,3500,2550,5.6,6,2
5.3,10.82,43.16,5.08,98.33,39.99,1500,1497,1.39,0,0
13.44,23.53,77.17,7.57,93.16,66.8,3500,2743,5.6,2,2
5.19,9.01,45.6,4.8,98.66,40.92,2500,2483,1.36,0,0
7.12,15.57,53.03,5.61,95.38,50.84,2000,1822,2.75,0,1
11.55,23.16,75.96,7.79,93.3,66.38,3500,2890,5.77,5,2
20.05,31.6,92.32,9.44,82.35,89.18,4000,1598,7.29,6,3
23.44,33.1,89.7,9.95,87.31,92.63,4000,1891,10.76,9,3
13.38,22.72,73.68,7.5,90.79,71.97,3500,2616,6.17,5,2
12.55,21.43,72.21,7.33,90.67,71.35,3500,2520,6.1,4,2
4.76,10.09,46.56,4.92,98.42,38.57,1500,1523,1.6,0,0
5.11,9.86,46.5,4.87,98.7,41.67,1500,1452,1.4,1,0
19.57,36.5,102.33,9.01,85.62,94.47,4000,1812,9.86,7,3
11.22,21.36,71.23,7.49,91.11,71.76,3500,2508,5.51,6,2
21.57,37.68,95.24,9.47,86.75,91.28,4000,1586,8.14,9,3
5.04,10.6,45.63,5.03,98.49,40.81,1500,1500,1.64,0,0
4.86,9.88,44.89,4.96,98.26,39.5,2500,2470,1.64,0,0
7.08,12.45,54.48,6.01,96.59,52.8,2000,1877,3.07,3,1
8.09,15.22,55.16,5.51,95.56,49.82,3000,2738,3.36,0,1
8.25,15.18,52.55,5.82,95.94,53.03,2500,2346,3.42,1,1
8.04,12.65,55.66,5.69,95.63,50.83,3000,2801,3.4,0,1
7.82,13.08,52.53,6.05,96.02,50.99,2500,2265,2.96,3,1
16.29,33.44,95.71,10.62,86.13,88.84,4000,2110,10.29,10,3
19.04,36.43,89.0,10.65,82.31,85.24,4000,1993,9.93,10,3
13.91,21.7,74.36,7.4,90.95,66.41,3500,2742,5.9,6,2
17.58,38.2,89.06,10.84,83.31,89.41,4000,2115,7.15,6,3
5.12,10.17,43.41,5.13,98.59,40.43,1500,1521,1.65,0,0
11.12,19.99,74.13,7.97,93.27,72.72,3500,2587,4.85,5,2
17.07,35.77,94.87,10.56,83.74,86.07,4000,1570,10.35,7,3
23.4,33.45,93.27,9.59,85.3,91.9,4000,2272,10.7,6,3
6.76,14.54,57.77,5.73,95.28,49.19,3000,2795,3.37,2,1
13.52,22.47,73.33,7.11,91.91,70.82,3500,2694,6.18,2,2
4.97,9.48,46.79,5.0,98.33,41.41,2500,2547,1.51,0,0
8.19,13.18,52.16,6.08,95.4,53.94,3000,2714,2.6,1,1
7.0,14.68,53.2,6.06,96.34,54.24,3000,2830,2.86,2,1
22.84,39.74,100.31,10.17,82.56,86.97,4000,1608,7.64,7,3
8.2,15.14,53.33,5.56,95.74,53.86,2000,1868,2.77,2,1
4.62,9.63,43.33,4.8,98.49,39.05,2500,2540,1.67,0,0
11.41,19.79,73.15,7.35,93.43,72.24,3500,2870,6.04,5,2
12.19,19.17,76.13,7.65,92.92,66.08,3500,2705,6.48,4,2
7.94,15.76,53.01,5.77,95.68,54.8,2500,2249,3.43,0,1
16.06,35.66,100.11,9.3,82.72,85.26,4000,2082,9.58,7,3
4.61,9.25,44.88,4.82,98.5,40.23,1500,1503,1.53,0,0
23.21,34.35,100.95,10.28,87.24,88.53,4000,2096,7.03,5,3
13.15,19.26,72.53,7.81,92.65,72.44,3500,2752,4.54,4,2
12.14,19.45,78.15,7.15,91.42,70.39,3500,2742,5.83,2,2
23.46,35.56,101.03,10.46,86.65,91.16,4000,2106,7.63,6,3
11.25,19.95,79.36,7.75,90.58,68.16,3500,2898,4.77,2,2
5.34,9.56,45.35,4.86,98.34,39.45,1500,1498,1.38,0,0
11.56,23.06,74.65,7.37,92.97,66.79,3500,2781,6.0,3,2
10.44,20.1,78.96,7.56,93.13,67.96,3500,2780,5.18,4,2
12.15,23.21,74.97,7.89,92.71,72.46,3500,2833,5.03,4,2
19.11,34.34,89.42,10.27,85.28,92.64,4000,2185,9.22,9,3
7.35,15.28,57.27,5.72,95.24,49.92,2500,2292,2.57,1,1
11.84,23.88,79.26,7.85,90.71,73.72,3500,2692,4.51,3,2
12.99,24.46,74.03,7.13,92.61,71.29,3500,2587,4.79,4,2
7.7,15.96,53.01,5.51,95.54,54.83,3000,2877,3.14,0,1
18.64,36.04,89.71,9.74,87.73,85.25,4000,2294,10.37,10,3
23.22,37.18,99.04,10.2,87.87,93.03,4000,1926,7.02,5,3
5.38,10.28,44.44,4.85,98.71,39.14,2000,2010,1.43,0,0
17.22,38.21,99.6,9.36,84.96,94.36,4000,1912,8.17,5,3
8.06,14.08,52.27,6.04,95.69,49.85,2500,2224,3.03,3,1
21.2,39.36,91.02,10.19,84.75,94.38,4000,2253,8.23,7,3
7.65,13.26,54.99,5.97,96.3,50.21,2000,1708,2.86,3,1
8.19,13.0,52.51,5.51,95.41,50.85,3000,2711,3.15,1,1
13.61,24.85,78.03,7.88,92.09,70.79,3500,2631,6.21,5,2
6.95,14.25,52.92,6.09,95.61,51.45,2000,1715,2.82,3,1
8.45,15.1,53.39,5.82,96.07,53.82,2500,2261,2.81,1,1
8.08,15.56,55.36,5.83,95.84,53.64,2000,1831,3.3,0,1
10.53,24.04,75.33,7.5,92.39,72.35,3500,2820,6.15,3,2
7.16,13.25,54.0,5.87,96.12,53.15,2000,1887,2.72,1,1
6.79,14.92,57.17,5.76,96.18,49.52,2500,2252,3.18,2,1
7.13,13.98,53.25,5.73,95.71,54.32,2000,1792,3.22,0,1
20.44,31.22,101.42,10.86,87.82,86.48,4000,1599,8.25,9,3
12.12,22.54,72.09,7.51,93.4,72.73,3500,2503,4.7,3,2
5.12,9.93,43.77,5.11,98.38,40.46,2000,2029,1.48,0,0
11.65,19.09,70.26,7.78,90.88,73.27,3500,2595,4.57,4,2
11.0,22.97,78.68,7.43,91.83,72.05,3500,2860,4.74,6,2
4.53,9.48,45.49,4.91,98.47,38.13,1500,1461,1.6,0,0
22.19,39.81,101.88,9.66,82.43,90.63,4000,1626,7.03,5,3
10.38,22.13,72.83,7.18,90.67,71.61,3500,2537,5.13,4,2
23.6,33.2,100.66,10.99,85.36,86.81,4000,1640,7.72,7,3
7.05,15.11,52.42,5.89,96.52,49.74,2500,2249,3.05,3,1
7.65,12.28,55.83,6.04,96.34,53.48,2500,2313,3.18,2,1
13.85,24.78,79.65,7.93,91.27,70.93,3500,2652,4.51,2,2
11.45,22.83,74.63,7.55,91.91,69.97,3500,2866,5.12,6,2
5.23,9.8,43.18,5.1,98.32,40.7,1500,1519,1.68,1,0
11.43,21.17,70.48,7.89,92.83,73.35,3500,2798,5.06,5,2
10.99,19.74,77.51,7.19,92.24,73.11,3500,2574,5.63,2,2
21.22,39.03,88.65,9.92,83.99,92.34,4000,2094,7.29,5,3
5.34,9.3,46.44,4.81,98.42,41.87,1500,1456,1.62,0,0
5.03,10.94,44.04,5.2,98.46,38.55,2000,2033,1.43,1,0
4.53,9.42,44.22,5.15,98.75,38.2,2500,2519,1.69,0,0
21.04,39.17,90.78,9.51,87.43,93.51,4000,2360,10.45,7,3
5.42,10.76,44.56,5.03,98.41,40.32,2000,2003,1.62,1,0
4.77,10.55,45.82,5.2,98.72,39.19,1500,1523,1.32,0,0
13.69,20.3,78.08,7.93,93.33,73.11,3500,2549,5.81,3,2
8.33,14.21,57.54,5.55,96.07,51.46,3000,2873,3.14,1,1
21.56,32.13,96.57,10.21,87.67,89.67,4000,2154,10.05,10,3
8.14,12.78,55.17,5.93,95.41,53.06,2000,1847,3.11,2,1
10.66,24.5,72.15,7.5,92.71,66.55,3500,2677,6.04,5,2
7.24,15.39,53.09,6.02,96.58,50.17,2000,1772,3.04,0,1
7.88,14.06,56.54,6.09,95.63,53.05,2000,1884,2.75,2,1
7.43,12.75,54.7,5.63,95.31,51.0,3000,2713,3.4,3,1
11.45,19.03,79.81,7.71,91.52,68.61,3500,2768,5.64,4,2
13.81,19.45,71.61,7.08,92.85,67.04,3500,2894,5.07,3,2
7.62,13.18,55.96,5.64,96.18,49.49,2500,2399,3.0,0,1
11.0,19.97,70.18,7.45,91.3,71.88,3500,2864,5.84,2,2
4.77,10.71,45.16,4.93,98.36,40.01,2500,2513,1.61,0,0
8.18,13.92,57.96,5.88,96.15,54.41,2500,2234,3.44,2,1
5.16,10.36,43.63,4.81,98.58,38.9,2500,2515,1.59,0,0
4.59,9.02,43.1,5.12,98.21,40.61,2000,2011,1.66,1,0
17.65,34.92,93.77,9.18,83.64,93.62,4000,2328,7.63,7,3
8.08,13.25,55.98,5.64,96.46,49.6,3000,2830,3.23,0,1
10.63,22.97,73.8,7.29,91.61,70.08,3500,2726,5.44,6,2
6.85,13.9,57.73,6.03,95.23,50.74,2500,2298,3.43,2,1
10.11,20.93,75.04,7.68,91.42,70.79,3500,2780,5.02,2,2
22.88,39.32,92.54,9.69,83.82,91.58,4000,2494,8.98,8,3
12.14,19.47,73.59,7.04,92.45,68.67,3500,2660,5.75,4,2
8.24,14.48,53.55,5.76,96.16,49.14,2500,2351,3.1,0,1
6.54,15.06,53.98,5.77,96.5,52.73,2500,2382,2.99,0,1
5.27,10.56,43.15,5.05,98.48,38.48,2500,2452,1.37,0,0
5.37,9.7,43.49,4.89,98.68,38.66,2500,2484,1.46,0,0
11.74,20.27,70.05,7.67,93.37,67.29,3500,2608,5.52,2,2
7.16,13.89,52.73,6.07,96.64,49.58,2500,2219,2.82,3,1
17.73,32.07,93.53,10.36,86.33,85.76,4000,2233,7.13,9,3
4.83,9.53,43.57,5.07,98.37,39.09,1500,1456,1.39,0,0
12.0,19.24,71.72,7.85,92.23,68.14,3500,2527,5.19,2,2
19.49,32.77,95.84,9.4,85.51,89.45,4000,1838,7.13,5,3
6.94,14.87,53.2,5.64,95.34,51.17,2000,1772,2.76,0,1
12.58,19.61,72.71,7.16,91.51,67.94,3500,2843,5.09,4,2
13.08,20.81,77.14,7.72,93.22,67.69,3500,2694,4.73,5,2
4.77,9.22,45.89,4.87,98.69,38.49,2500,2493,1.43,0,0
16.63,37.61,93.09,9.11,83.84,88.92,4000,2292,8.63,10,3
4.75,10.12,46.41,5.12,98.2,41.92,2500,2540,1.44,1,0
6.96,15.86,56.06,5.78,95.92,52.89,2000,1876,2.99,0,1
7.6,15.77,52.85,5.81,96.71,52.69,2500,2395,3.22,3,1
5.27,9.34,46.14,5.04,98.44,41.62,1500,1480,1.37,1,0
18.93,37.65,89.46,10.68,84.9,86.61,4000,1834,7.61,7,3
4.87,9.42,43.84,4.87,98.21,40.51,1500,1473,1.59,0,0
5.11,10.26,44.14,4.88,98.55,41.23,1500,1519,1.55,1,0
5.02,10.99,45.22,5.05,98.69,40.58,2500,2531,1.67,0,0
16.2,33.85,95.83,9.9,87.08,86.68,4000,1731,9.82,6,3
6.51,12.02,55.61,6.02,96.76,50.46,2000,1723,2.81,1,1
7.02,12.49,57.96,5.86,96.28,54.76,2000,1875,3.04,2,1
4.58,9.59,45.01,4.91,98.63,38.78,2000,1957,1.47,0,0
6.71,12.09,55.39,5.76,96.09,52.44,2000,1850,2.6,0,1
22.76,35.09,98.73,9.53,82.76,92.14,4000,2152,10.76,9,3
10.51,24.42,79.71,7.86,92.08,71.44,3500,2543,6.34,5,2
4.8,9.54,44.81,5.09,98.22,40.16,2000,2017,1.4,1,0
16.08,30.31,93.45,9.26,85.7,93.1,4000,1991,9.36,9,3
4.65,9.09,44.67,5.1,98.61,40.23,2000,1974,1.59,1,0
13.42,19.87,77.39,7.31,93.0,73.85,3500,2770,5.36,3,2
11.7,21.61,78.09,7.05,92.55,68.22,3500,2503,4.89,2,2
5.48,10.63,44.64,4.97,98.75,38.19,2000,1956,1.63,1,0
8.1,12.8,53.85,5.67,95.91,53.51,2500,2254,2.71,0,1
11.17,23.83,74.66,7.23,90.66,67.36,3500,2518,6.26,4,2
10.63,20.54,72.51,7.59,92.03,73.58,3500,2745,5.44,2,2
18.1,32.71,95.26,10.65,88.0,85.95,4000,1986,9.04,7,3
10.97,20.16,71.97,7.37,91.89,69.45,3500,2687,6.12,6,2
5.06,9.65,45.98,5.15,98.55,40.95,2500,2542,1.68,1,0
23.41,32.44,100.1,10.1,87.65,87.89,4000,1875,7.66,8,3
22.06,31.61,93.69,10.35,87.24,86.88,4000,1642,9.8,7,3
22.08,33.63,94.83,10.1,87.0,94.57,4000,2136,9.94,5,3
13.74,20.37,75.75,7.39,91.65,70.51,3500,2639,5.37,6,2
11.97,24.26,71.04,7.54,93.07,68.97,3500,2798,4.71,2,2
6.93,12.21,53.18,5.95,95.26,50.26,2000,1846,2.75,0,1
5.27,10.12,45.92,5.04,98.28,38.64,1500,1548,1.52,0,0
8.4,14.25,54.39,5.57,95.82,51.92,2500,2257,2.79,3,1
5.12,10.97,46.29,4.89,98.22,41.77,2000,1953,1.61,1,0
16.99,35.04,89.31,10.74,87.87,94.41,4000,2465,9.88,9,3
8.41,12.16,54.2,5.51,96.31,52.05,2000,1740,2.61,2,1
18.67,30.62,99.14,9.54,85.2,85.1,4000,1663,9.63,5,3
5.07,10.11,46.57,5.16,98.72,39.69,2000,1970,1.31,0,0
19.3,38.71,90.68,10.7,84.82,90.99,4000,2374,9.59,7,3
18.45,31.0,87.37,9.17,86.46,86.55,4000,1809,8.4,10,3
5.34,10.16,45.41,4.85,98.71,41.47,2500,2482,1.67,0,0
8.49,12.38,52.28,5.84,95.41,51.26,3000,2717,3.48,1,1
11.42,21.86,75.36,7.66,93.13,70.13,3500,2864,5.26,4,2
23.35,31.48,100.45,9.97,85.0,89.01,4000,1991,10.94,9,3
10.82,20.47,76.31,7.25,91.03,66.93,3500,2775,4.66,2,2
13.41,19.24,70.03,7.21,93.43,72.52,3500,2873,4.89,2,2
16.38,33.15,97.51,9.33,87.1,85.18,4000,1620,8.45,9,3
20.53,33.81,88.84,9.64,82.65,86.12,4000,1950,8.88,7,3
4.82,10.27,45.68,5.05,98.71,40.28,2000,2028,1.57,0,0
4.81,10.03,44.78,5.11,98.62,39.3,1500,1464,1.64,0,0
20.15,31.05,97.02,9.66,87.66,91.06,4000,2471,8.97,5,3
5.14,9.31,44.81,5.04,98.22,40.77,2500,2512,1.34,0,0
7.4,13.21,54.89,5.89,95.61,54.41,2000,1782,3.28,1,1
6.92,12.07,52.22,5.7,95.8,49.82,2000,1809,2.67,1,1
17.85,34.2,88.6,10.27,87.63,86.54,4000,1692,7.27,7,3
7.64,14.3,54.54,5.66,95.58,50.88,3000,2899,2.59,3,1
4.88,9.04,46.97,5.15,98.68,39.9,2500,2470,1.55,1,0
4.83,10.01,43.06,5.17,98.62,39.3,2500,2540,1.49,0,0
12.11,19.83,78.94,7.24,93.38,71.04,3500,2725,4.86,3,2
4.77,10.08,46.48,5.01,98.2,41.73,1500,1548,1.57,1,0
12.71,23.37,78.01,7.96,92.57,68.75,3500,2835,5.3,5,2
5.37,10.29,46.38,4.95,98.28,41.82,2500,2460,1.41,0,0
4.52,10.73,45.36,4.83,98.35,39.6,2000,2037,1.6,1,0
5.11,9.37,45.89,5.18,98.6,40.94,2500,2480,1.31,1,0
18.09,38.8,100.08,9.04,84.05,89.04,4000,1847,8.92,10,3
23.3,31.28,88.22,9.0,85.01,93.68,4000,1623,9.01,8,3
4.63,10.36,43.2,5.06,98.29,41.79,2500,2539,1.66,0,0
6.67,15.45,53.95,5.91,96.65,49.61,2000,1825,2.8,0,1
13.88,22.48,75.22,7.88,92.2,72.82,3500,2655,5.04,2,2
5.3,9.33,46.75,5.16,98.65,38.99,2500,2458,1.41,0,0
5.23,10.44,43.63,5.14,98.46,38.28,1500,1526,1.41,0,0
4.91,10.42,45.74,5.0,98.41,41.04,2500,2502,1.37,0,0
19.19,35.3,102.66,9.02,83.48,94.61,4000,2272,9.73,5,3
7.6,12.06,54.8,5.65,95.54,52.96,3000,2875,3.07,3,1
10.88,24.72,72.35,7.02,91.03,68.26,3500,2542,4.63,4,2
6.68,12.03,55.31,5.85,96.56,54.04,3000,2835,3.28,1,1
7.07,15.35,54.76,5.81,96.6,52.58,3000,2789,2.74,1,1
11.84,22.76,77.29,7.32,92.0,71.46,3500,2641,6.38,5,2
5.11,10.78,45.83,5.01,98.72,41.49,2500,2525,1.39,1,0
6.85,14.47,53.95,5.72,96.48,50.83,2000,1886,3.19,1,1
4.95,9.06,44.36,4.92,98.64,40.7,2500,2516,1.49,1,0
19.85,36.23,95.81,9.1,85.58,90.74,4000,2452,7.46,9,3
11.03,23.69,74.16,7.97,92.84,66.07,3500,2674,5.69,2,2
22.07,33.3,88.82,10.79,83.61,89.88,4000,2013,8.15,9,3
10.6,21.51,73.16,7.45,92.43,70.14,3500,2740,5.52,2,2
10.7,22.88,76.23,7.31,93.38,72.76,3500,2852,6.1,6,2
20.22,37.3,89.07,9.39,85.13,89.88,4000,1536,8.01,6,3
21.34,37.54,94.73,9.59,82.08,89.09,4000,2371,8.43,7,3
4.92,10.35,43.11,5.18,98.46,40.86,1500,1486,1.6,0,0
5.19,9.67,43.87,5.18,98.35,40.34,2500,2549,1.55,0,0
13.25,23.19,70.15,7.48,93.07,71.56,3500,2765,4.64,6,2
5.32,9.77,46.74,4.82,98.22,40.67,2000,2033,1.42,0,0
18.5,39.77,96.23,9.74,82.26,92.19,4000,2138,10.26,6,3
5.05,10.04,44.21,5.04,98.28,39.4,1500,1546,1.57,0,0
11.03,21.08,71.23,7.51,92.56,67.85,3500,2860,4.68,2,2
5.34,9.68,45.73,4.89,98.3,40.28,2000,1970,1.43,0,0
7.23,14.73,52.23,5.59,96.65,53.58,2500,2346,2.54,2,1
6.98,13.14,53.83,6.07,96.55,49.1,2500,2314,3.07,0,1
7.52,15.41,52.4,5.57,96.44,53.75,3000,2865,2.98,1,1
8.18,13.37,52.56,5.76,95.48,50.93,2000,1890,3.08,3,1
11.72,21.26,71.07,7.69,92.58,71.33,3500,2743,5.3,5,2
5.32,9.81,46.89,5.02,98.65,41.47,2000,1955,1.41,0,0
12.22,22.71,71.45,7.19,92.16,67.26,3500,2875,5.72,5,2
5.31,10.77,43.37,5.03,98.56,39.05,2500,2477,1.53,0,0
6.97,15.18,52.58,6.07,96.54,52.03,2500,2314,2.69,2,1
19.65,31.69,100.72,9.57,82.31,92.44,4000,2099,10.77,10,3
5.33,10.61,44.89,4.93,98.38,40.09,2500,2493,1.58,1,0
5.45,9.99,45.91,5.13,98.71,41.86,2000,2033,1.6,0,0
13.09,21.67,79.61,7.58,91.66,73.94,3500,2501,5.82,3,2
17.49,35.53,93.53,9.76,83.07,93.79,4000,2010,9.76,9,3
4.52,9.97,46.18,4.95,98.2,38.71,2000,2026,1.69,0,0
7.63,14.37,53.33,5.63,96.6,51.18,2000,1829,3.07,1,1
23.42,36.0,96.91,9.17,82.28,85.56,4000,1915,7.4,6,3
6.88,12.97,54.09,5.56,95.96,50.98,2000,1851,3.37,2,1
12.55,20.53,73.93,7.05,91.38,67.91,3500,2818,5.36,3,2
12.8,20.33,71.65,7.67,92.04,70.17,3500,2545,5.32,2,2
5.1,9.9,45.34,5.13,98.72,38.75,1500,1477,1.3,1,0
17.32,38.62,96.63,9.84,86.41,85.39,4000,2317,8.0,8,3
4.91,10.07,44.3,4.96,98.73,40.63,2000,1992,1.37,1,0
12.68,23.53,77.76,7.16,91.81,66.75,3500,2564,5.91,2,2
10.43,19.57,78.4,7.53,93.09,72.86,3500,2675,4.83,4,2
8.07,13.7,57.58,5.8,96.61,51.79,2500,2392,3.26,3,1
10.56,22.39,79.17,7.53,91.61,69.43,3500,2781,4.67,6,2
7.45,12.88,55.17,6.08,95.55,53.52,3000,2741,3.26,2,1
7.63,12.81,57.86,5.97,96.38,54.96,3000,2868,3.16,2,1
6.99,13.44,52.56,5.92,95.65,50.99,3000,2769,2.84,3,1
13.52,22.13,70.27,7.21,92.86,73.74,3500,2809,5.86,2,2
4.9,9.38,46.16,4.85,98.69,38.03,1500,1536,1.66,1,0
4.63,9.95,43.03,5.08,98.59,41.61,2500,2472,1.47,0,0
21.72,33.58,91.61,9.13,85.25,90.66,4000,2174,7.71,5,3
18.82,38.7,91.21,10.9,82.05,85.82,4000,1710,8.5,7,3
13.83,20.5,75.65,7.08,90.62,70.24,3500,2610,4.6,4,2
13.3,22.01,74.64,7.81,90.75,71.27,3500,2595,5.77,2,2
5.41,9.97,46.95,5.07,98.49,39.87,2000,2033,1.44,1,0
23.61,34.66,100.17,9.54,84.5,93.84,4000,2498,10.53,6,3
10.48,24.15,75.86,7.16,92.31,70.26,3500,2714,4.81,6,2
12.32,24.73,79.41,7.53,92.7,69.55,3500,2660,5.32,4,2
7.63,13.9,52.57,5.62,96.74,52.51,2500,2374,3.11,3,1
4.84,10.77,44.84,4.88,98.34,40.06,2000,2025,1.45,0,0
12.76,23.61,74.79,7.22,91.14,72.45,3500,2828,4.52,4,2
4.73,9.93,44.57,5.17,98.79,41.61,2500,2464,1.68,1,0
8.45,14.32,57.29,5.71,95.37,49.36,2000,1705,2.88,1,1
23.61,30.24,98.29,9.1,86.67,93.66,4000,1945,9.75,10,3
11.75,22.68,76.89,7.85,91.51,68.32,3500,2505,5.81,6,2
6.78,13.55,52.54,5.51,95.65,52.12,2000,1784,3.08,0,1
19.52,31.08,89.91,10.91,84.86,85.86,4000,2384,7.85,6,3
5.23,9.61,45.89,4.98,98.3,39.94,2000,1981,1.4,1,0
7.11,12.41,54.16,5.59,96.77,53.06,2000,1778,2.68,0,1
4.68,9.99,44.05,4.81,98.76,38.6,2000,2047,1.65,0,0
11.94,22.69,78.22,7.59,92.47,72.2,3500,2891,6.17,4,2
8.08,13.59,53.69,5.72,96.54,53.24,3000,2885,2.52,1,1
4.71,10.9,45.58,5.0,98.6,41.54,2500,2472,1.6,1,0
11.83,22.54,73.18,7.07,91.45,69.81,3500,2759,5.6,6,2
19.21,32.03,89.07,9.62,84.81,89.89,4000,2369,10.01,8,3
12.41,22.5,76.05,7.41,92.21,73.41,3500,2757,5.57,4,2
5.29,9.73,45.0,5.07,98.73,39.9,1500,1529,1.66,1,0
17.33,30.64,97.06,9.06,87.72,92.49,4000,1624,10.8,7,3
6.76,13.84,56.86,5.93,95.47,49.88,2000,1823,2.7,2,1
5.07,10.12,46.1,4.96,98.48,39.32,1500,1547,1.54,0,0
10.21,23.24,75.53,7.09,91.49,69.88,3500,2602,5.1,5,2
7.09,12.24,57.35,5.53,95.75,49.44,3000,2701,3.45,1,1
6.91,14.47,56.02,6.0,95.66,52.98,2000,1878,2.69,1,1
19.51,34.03,87.53,9.05,83.47,86.13,4000,2095,7.97,6,3
7.33,15.19,54.17,6.06,95.81,52.59,3000,2809,2.93,2,1
12.17,24.2,78.62,7.76,91.35,73.58,3500,2683,5.14,3,2
17.49,39.16,90.27,10.34,84.45,87.36,4000,2083,7.12,6,3
12.39,23.42,70.23,7.75,91.31,70.02,3500,2629,6.08,6,2
23.35,37.42,98.13,10.54,85.1,93.64,4000,1665,10.64,9,3
11.38,22.9,78.75,7.46,92.86,67.93,3500,2660,5.44,5,2
5.47,10.11,43.52,4.81,98.64,39.44,2000,1972,1.67,0,0
7.02,14.36,54.02,5.53,96.37,51.54,2500,2398,3.17,1,1
6.88,14.02,52.9,5.54,95.63,54.22,2000,1890,3.49,3,1
4.95,9.4,46.44,5.1,98.26,41.97,2000,1961,1.62,0,0
5.22,10.89,43.86,5.08,98.51,40.65,1500,1515,1.54,0,0
11.66,24.49,79.48,7.15,91.62,70.88,3500,2716,4.81,4,2
22.3,39.13,95.19,9.19,84.9,85.1,4000,1961,9.24,7,3
5.32,9.87,44.11,5.02,98.59,41.56,1500,1533,1.63,0,0
4.97,10.44,46.85,4.92,98.33,41.41,2500,2460,1.66,0,0
11.76,20.12,70.85,7.9,93.18,73.96,3500,2686,6.03,5,2
13.21,23.04,76.01,7.19,91.88,72.33,3500,2812,5.22,3,2
7.37,15.46,52.93,5.97,95.85,50.96,3000,2724,3.21,2,1
7.5,13.73,54.07,5.56,95.23,53.66,3000,2870,3.05,1,1
17.53,34.48,100.79,10.86,84.8,90.17,4000,2003,8.14,9,3
5.1,10.28,44.3,4.92,98.67,38.23,2000,2048,1.38,0,0
16.42,34.12,100.3,9.23,86.47,86.84,4000,1997,10.95,9,3
13.41,24.99,70.24,7.79,92.09,72.88,3500,2580,5.47,6,2
10.72,24.96,76.48,7.17,92.88,70.63,3500,2569,5.89,2,2
19.38,33.83,98.71,10.55,85.95,90.64,4000,1819,8.4,9,3
8.27,14.0,52.45,5.68,96.05,52.63,3000,2840,2.62,0,1
13.3,23.38,74.6,7.43,92.81,68.53,3500,2575,6.47,6,2
18.45,30.74,100.87,10.87,85.85,91.15,4000,2499,10.81,6,3
7.5,15.3,54.37,5.57,95.82,51.46,3000,2742,2.57,2,1
16.55,33.06,88.89,10.67,85.52,93.35,4000,1891,9.63,6,3
4.51,10.45,46.43,4.99,98.48,38.37,2000,2006,1.52,1,0
23.66,38.01,91.79,9.59,83.73,94.41,4000,2081,7.04,7,3
21.31,39.99,94.29,10.04,84.29,91.56,4000,2032,9.05,8,3
5.02,9.7,45.89,4.82,98.57,41.58,2500,2483,1.47,0,0
19.22,37.37,98.87,10.12,86.98,86.52,4000,1655,9.75,9,3
21.45,32.0,100.01,10.94,87.8,88.01,4000,2429,10.79,5,3
4.9,9.76,45.73,4.98,98.23,39.68,2000,1969,1.37,0,0
11.96,22.96,79.13,7.58,90.74,70.17,3500,2757,5.81,4,2
7.26,13.76,52.89,5.93,96.78,50.16,2500,2365,2.99,1,1
7.87,12.9,57.49,5.53,96.14,54.67,3000,2839,2.79,3,1
7.43,14.75,56.28,6.0,96.25,51.35,2000,1890,2.78,1,1
4.8,10.53,45.5,4.85,98.67,41.11,2000,1986,1.41,0,0
13.67,24.22,76.36,7.04,93.37,73.19,3500,2795,5.8,4,2
16.27,33.37,90.28,10.1,84.82,91.55,4000,2075,9.75,6,3
11.83,20.62,71.21,7.63,90.64,69.35,3500,2844,6.09,5,2
4.75,9.56,43.29,4.87,98.72,38.65,2500,2493,1.37,1,0
21.45,34.21,100.18,10.8,82.37,93.56,4000,2418,10.63,8,3
4.96,10.64,43.55,4.98,98.36,41.19,2000,2045,1.3,1,0
11.09,20.73,70.61,7.32,92.42,70.18,3500,2618,4.81,4,2
7.51,14.94,56.47,5.85,96.62,54.13,2000,1708,3.48,1,1
4.91,9.54,44.91,4.86,98.63,40.87,1500,1518,1.55,0,0
5.32,9.41,44.21,5.03,98.79,40.62,1500,1503,1.37,1,0
23.55,30.2,90.14,9.21,87.21,94.98,4000,1562,9.17,9,3
8.01,12.25,54.27,5.64,95.69,50.24,3000,2894,2.88,2,1
12.21,22.92,77.13,7.85,92.97,71.87,3500,2700,4.8,2,2
19.1,39.84,88.16,10.74,84.55,88.49,4000,2223,10.97,6,3
13.24,20.01,72.37,7.62,91.45,66.27,3500,2739,5.37,6,2
20.61,30.04,89.89,10.16,86.01,90.28,4000,2087,10.05,5,3
4.86,9.91,46.41,5.02,98.3,41.61,2500,2468,1.44,1,0
6.81,15.67,56.59,5.96,96.77,53.49,2500,2367,2.86,3,1
7.28,15.32,52.54,5.99,95.5,53.25,2000,1886,2.72,2,1
7.02,12.79,52.9,5.89,95.79,53.38,2000,1890,2.53,3,1
7.03,13.59,56.73,6.04,95.88,52.36,2000,1768,2.78,3,1
21.87,36.49,95.57,10.04,87.3,88.86,4000,1852,9.99,8,3
12.04,20.89,74.34,7.13,90.97,73.61,3500,2700,5.75,2,2
16.49,36.67,94.12,10.83,86.79,94.32,4000,1605,7.28,5,3
11.22,21.0,73.28,7.32,90.89,71.33,3500,2697,6.31,4,2
23.89,36.71,96.7,9.02,87.92,87.74,4000,2061,9.25,10,3
7.09,15.95,52.18,6.06,96.47,52.88,3000,2887,3.23,3,1
18.93,38.55,99.52,10.03,84.36,91.51,4000,2066,10.86,8,3
7.86,14.94,53.68,6.09,95.34,52.87,2500,2345,2.52,3,1
13.54,22.36,70.08,7.79,92.99,70.77,3500,2654,5.91,4,2
4.56,10.34,46.77,4.87,98.21,41.93,2000,2034,1.61,0,0
21.33,30.57,91.26,10.36,82.08,88.69,4000,1566,7.87,6,3
5.46,10.23,46.21,5.09,98.61,39.1,2500,2522,1.64,0,0
8.47,12.8,52.65,5.54,96.47,53.46,2500,2272,2.63,3,1
5.1,10.03,46.39,4.89,98.29,39.39,1500,1543,1.4,1,0
7.55,14.78,53.13,6.09,96.17,53.94,2500,2268,3.44,1,1
7.16,14.57,52.37,5.65,96.24,52.62,2500,2359,2.83,2,1
5.44,10.17,45.77,5.2,98.6,40.99,2000,1985,1.44,1,0
7.86,15.34,56.83,5.59,95.36,53.63,3000,2885,3.19,1,1
12.63,19.93,78.71,7.16,93.13,67.64,3500,2775,4.76,4,2
20.81,30.1,97.78,9.79,85.74,93.39,4000,2043,9.97,7,3
12.86,21.29,76.06,7.07,90.69,72.87,3500,2544,5.91,6,2
5.01,10.94,46.94,4.8,98.66,38.34,1500,1487,1.68,0,0
10.5,22.55,72.29,7.44,93.03,67.97,3500,2821,4.52,4,2
11.82,21.61,75.23,7.79,92.79,72.22,3500,2723,4.58,4,2
23.18,39.36,102.59,10.02,87.39,86.93,4000,2465,9.17,6,3
7.27,15.95,57.97,5.7,96.16,51.68,2500,2399,2.51,0,1
13.23,20.46,74.56,7.28,91.48,69.55,3500,2629,5.14,2,2
6.77,15.95,54.67,5.74,95.61,52.46,2000,1729,3.48,1,1
4.62,9.67,44.03,4.8,98.68,41.43,1500,1475,1.66,1,0
23.22,37.13,92.79,10.04,85.02,92.91,4000,2341,10.8,8,3
23.47,37.86,89.19,10.36,85.19,92.88,4000,2032,9.09,10,3
7.55,15.64,53.4,5.56,95.46,52.01,3000,2739,2.55,3,1
5.15,9.98,45.41,4.98,98.23,39.46,1500,1530,1.45,1,0
5.32,10.42,44.72,4.88,98.67,39.21,1500,1457,1.35,1,0
17.59,31.86,93.87,10.17,86.76,85.62,4000,2494,9.99,10,3
7.03,15.93,53.04,5.81,96.04,53.26,2000,1898,2.59,3,1
10.01,22.33,76.42,7.25,90.59,68.66,3500,2748,6.5,5,2
6.63,15.29,55.41,5.97,96.44,53.51,3000,2740,2.95,1,1
7.83,13.95,54.41,6.08,95.88,51.54,2000,1711,3.1,2,1
6.87,15.09,54.49,5.81,95.25,53.46,2000,1850,3.19,3,1
13.94,20.54,76.4,7.61,91.86,70.11,3500,2643,5.1,2,2
13.46,22.65,77.31,7.53,90.51,73.15,3500,2876,4.64,5,2
22.76,33.03,93.16,10.22,86.32,91.97,4000,2485,9.79,6,3
8.17,12.55,56.35,5.71,96.55,53.33,2500,2367,3.2,2,1
17.3,35.59,89.87,9.56,87.52,87.24,4000,1829,8.49,9,3
7.55,15.4,57.25,5.86,95.26,54.38,2000,1820,2.7,2,1
4.99,10.13,46.46,4.86,98.36,38.27,2500,2505,1.52,1,0
10.76,22.58,74.45,7.26,92.01,73.25,3500,2656,6.07,5,2
5.44,10.6,45.51,4.81,98.8,41.09,2000,1978,1.32,0,0
4.77,9.19,46.02,4.83,98.59,39.55,2000,1992,1.46,1,0
18.66,39.24,88.21,10.65,83.15,88.28,4000,2039,8.19,5,3
5.49,10.86,46.13,4.83,98.44,38.49,2500,2527,1.65,1,0
8.27,14.29,52.61,6.04,96.03,54.52,2000,1810,2.92,3,1
5.48,9.79,45.77,5.19,98.73,38.57,1500,1541,1.34,1,0
4.84,9.24,46.74,4.86,98.44,39.84,2000,1999,1.6,0,0
8.07,12.46,55.12,5.91,95.71,50.54,2000,1899,2.63,0,1
13.5,19.61,78.01,7.16,92.79,73.04,3500,2646,5.54,5,2
11.02,23.06,79.85,7.46,91.12,72.72,3500,2767,4.75,2,2
16.82,39.45,95.05,10.88,87.07,88.23,4000,1650,8.94,6,3
4.55,10.52,46.16,5.02,98.69,41.14,2500,2481,1.62,0,0
7.97,14.88,56.57,6.03,95.51,51.95,2500,2390,2.99,1,1
6.75,14.21,55.12,5.55,95.74,49.68,2500,2299,2.96,1,1
5.44,10.55,46.94,4.92,98.47,39.93,1500,1514,1.58,0,0
13.12,24.57,77.74,7.21,91.93,73.29,3500,2663,5.22,2,2
4.74,9.97,43.03,5.2,98.65,38.52,1500,1461,1.62,0,0
10.86,19.27,78.99,7.02,92.14,66.61,3500,2642,5.66,4,2
10.1,20.92,76.97,7.7,90.7,69.61,3500,2865,6.08,4,2
5.48,10.69,44.11,5.07,98.6,41.47,2500,2515,1.31,0,0
4.92,10.1,44.19,5.12,98.49,40.27,2000,2004,1.55,0,0
4.9,9.17,44.26,5.03,98.52,39.74,2500,2457,1.67,0,0
21.33,34.73,90.69,9.51,86.83,90.83,4000,1879,9.16,6,3
4.93,10.85,43.58,5.13,98.79,38.22,1500,1526,1.67,0,0
4.85,10.43,44.19,5.12,98.51,39.19,1500,1467,1.4,1,0
10.97,24.45,74.46,7.54,91.41,69.21,3500,2843,5.4,5,2
20.9,38.16,99.82,10.99,84.21,89.6,4000,1918,9.81,9,3
18.88,31.83,90.55,10.24,83.14,88.3,4000,2127,9.23,7,3
8.48,14.66,56.58,5.98,95.71,52.42,2000,1788,3.41,2,1
5.43,10.59,46.8,5.03,98.38,40.28,1500,1467,1.58,0,0
17.87,30.36,90.52,9.08,86.81,88.35,4000,1744,8.05,6,3
12.29,23.87,73.26,7.53,93.02,71.29,3500,2618,5.55,3,2
7.92,15.13,57.85,5.73,96.19,53.79,2500,2229,3.19,0,1
7.4,15.39,53.34,5.61,95.9,50.24,3000,2780,3.08,2,1
10.82,21.74,79.6,7.89,92.43,66.21,3500,2574,6.33,6,2
23.78,30.92,91.04,10.2,86.67,87.84,4000,1802,8.56,8,3
11.46,19.74,73.84,7.93,92.04,69.77,3500,2890,6.33,6,2
13.3,22.13,73.18,7.76,92.59,67.78,3500,2647,5.18,5,2
5.19,9.0,43.04,5.03,98.67,40.31,1500,1489,1.67,0,0
4.54,10.03,43.36,5.02,98.3,41.66,2000,1953,1.48,1,0
7.63,12.55,54.02,5.55,95.49,50.11,2000,1708,3.46,0,1
4.79,10.05,44.04,4.81,98.35,40.09,1500,1503,1.46,1,0
4.53,10.29,44.67,4.88,98.8,40.34,2000,2003,1.4,1,0
19.03,35.94,96.21,9.72,84.3,88.41,4000,2035,10.99,5,3
5.41,9.51,45.31,4.91,98.34,40.36,1500,1483,1.61,0,0
11.44,23.65,75.49,7.91,92.08,73.38,3500,2811,5.49,2,2
5.18,9.98,43.84,5.19,98.7,41.2,2500,2505,1.59,0,0
17.37,32.55,99.72,10.45,87.32,87.52,4000,1780,10.57,6,3
18.36,38.43,98.57,9.19,84.91,87.23,4000,2204,7.11,9,3
16.55,31.09,92.06,9.91,83.38,93.12,4000,1875,7.71,10,3
7.52,13.34,54.02,5.66,95.95,53.76,2500,2303,3.15,3,1
18.92,32.58,95.8,9.16,85.34,88.35,4000,1611,9.7,5,3
5.11,9.47,46.84,4.85,98.62,39.46,1500,1462,1.48,1,0
19.8,31.85,100.19,9.74,83.86,90.71,4000,2326,8.8,9,3
5.29,10.29,45.71,4.88,98.48,39.01,1500,1465,1.37,1,0
5.11,10.17,44.73,4.84,98.26,40.43,2500,2546,1.66,1,0
11.13,20.16,75.6,7.7,92.03,70.4,3500,2598,4.58,6,2
5.44,10.12,45.68,4.96,98.61,40.28,1500,1492,1.44,1,0
6.87,13.12,55.51,5.53,95.75,50.35,2000,1745,3.43,0,1
8.03,13.85,52.26,6.06,95.35,52.45,2500,2203,2.97,3,1
4.55,9.61,46.25,5.09,98.35,38.64,2500,2457,1.32,0,0
5.32,9.35,44.91,4.8,98.7,39.08,1500,1459,1.68,0,0
17.94,35.41,102.09,10.21,84.33,92.69,4000,2183,7.34,5,3
10.49,20.66,76.9,7.66,92.01,72.47,3500,2893,4.72,5,2
12.32,20.14,70.68,7.46,93.38,72.49,3500,2504,5.77,3,2
11.36,19.74,70.96,7.82,93.39,70.44,3500,2740,5.93,6,2
22.26,38.3,100.9,9.98,85.59,91.95,4000,2472,7.99,9,3
5.2,9.47,45.66,5.04,98.61,39.4,1500,1496,1.51,1,0
11.52,19.87,70.01,7.3,91.69,72.52,3500,2626,5.41,4,2
23.35,38.37,96.25,10.08,84.16,92.34,4000,1575,8.23,10,3
17.15,32.35,102.34,10.22,82.09,93.56,4000,2237,8.34,10,3
8.16,15.35,52.34,5.97,96.48,50.65,3000,2826,2.51,2,1
8.34,15.03,54.4,6.07,96.3,51.16,2000,1852,3.49,1,1
5.06,9.68,45.72,4.87,98.46,38.86,2500,2479,1.33,1,0
20.92,32.06,89.93,9.11,87.13,90.03,4000,1934,8.95,9,3
12.96,20.88,71.97,7.94,91.32,73.34,3500,2893,4.95,2,2
8.07,14.49,53.17,6.03,96.25,52.49,3000,2822,2.77,1,1
10.68,22.29,74.47,7.59,93.04,69.68,3500,2682,5.74,5,2
6.5,14.35,54.5,5.85,96.21,54.17,3000,2850,3.13,0,1
5.41,9.26,43.7,5.03,98.37,38.95,1500,1462,1.57,0,0
8.06,12.77,57.9,5.81,95.37,50.18,3000,2752,2.89,3,1
6.98,14.41,55.25,5.67,95.24,50.33,3000,2801,2.66,3,1
18.73,37.21,99.87,9.02,84.07,86.72,4000,2160,8.12,7,3
12.25,23.73,72.37,7.85,92.68,73.08,3500,2571,6.36,5,2
5.22,10.36,44.59,5.08,98.64,38.55,2000,2044,1.33,0,0
11.9,20.56,79.77,7.16,92.51,69.31,3500,2793,4.63,3,2
6.63,13.93,56.58,5.64,96.37,50.97,3000,2855,3.22,0,1
7.2,13.6,52.03,5.66,95.55,53.33,2000,1887,2.89,1,1
21.72,35.55,92.59,10.35,87.78,87.5,4000,1568,7.71,7,3
5.17,10.07,43.93,4.9,98.28,41.75,2000,2025,1.44,1,0
11.48,22.68,72.1,7.63,92.79,67.71,3500,2843,6.34,6,2
21.17,34.82,102.81,9.62,85.88,94.16,4000,2404,8.31,5,3
5.34,9.26,45.21,4.94,98.24,38.59,2500,2524,1.5,0,0
8.03,14.23,52.3,5.6,96.46,50.56,3000,2842,3.32,0,1
13.42,19.36,78.29,7.61,92.88,66.86,3500,2598,4.59,3,2
18.86,31.35,93.66,10.18,82.92,92.07,4000,1534,9.18,10,3
4.84,9.22,43.97,4.85,98.5,39.0,2000,1996,1.31,0,0
19.45,34.15,102.59,9.7,84.37,88.72,4000,2141,8.55,5,3
18.01,33.9,93.54,9.46,83.93,92.56,4000,2027,8.84,5,3
13.93,21.8,77.67,7.15,93.22,69.69,3500,2831,6.14,4,2
13.94,22.46,74.87,7.99,91.15,71.3,3500,2660,5.52,3,2
18.84,37.13,91.65,9.44,87.71,90.01,4000,2144,8.07,8,3
5.41,9.82,45.54,4.94,98.37,39.95,2500,2530,1.56,1,0
22.06,32.53,89.75,10.32,87.17,90.4,4000,1872,9.24,8,3
11.18,23.7,77.14,7.25,93.2,72.24,3500,2656,4.97,3,2
21.26,33.11,100.33,9.74,86.78,89.32,4000,1718,7.25,9,3
11.55,22.3,71.87,7.91,91.57,73.87,3500,2869,5.04,3,2
22.17,33.67,96.29,9.93,82.61,92.34,4000,2492,8.91,9,3
13.09,22.11,76.7,7.38,91.7,70.52,3500,2592,4.78,2,2
12.14,23.72,78.63,7.58,90.75,69.36,3500,2536,5.32,2,2
8.41,13.8,55.54,6.01,96.79,53.14,3000,2818,3.34,1,1
13.22,19.85,76.88,7.4,91.88,71.82,3500,2895,4.5,5,2
10.13,19.22,79.36,7.53,92.01,69.21,3500,2846,5.94,3,2
11.04,19.32,70.05,7.33,91.09,68.51,3500,2578,5.63,4,2
5.47,9.8,43.49,5.0,98.24,39.8,1500,1480,1.38,0,0
16.71,39.85,94.62,9.02,85.24,92.22,4000,1597,9.43,7,3
18.3,39.1,92.5,9.62,82.11,91.28,4000,2250,7.07,7,3
8.12,15.6,54.92,5.91,96.64,51.81,3000,2825,2.83,3,1
11.98,22.46,77.53,7.54,93.27,71.02,3500,2790,6.26,3,2
8.38,12.27,54.78,6.0,96.12,49.84,3000,2761,2.58,0,1
11.33,20.16,70.98,7.85,92.6,71.22,3500,2570,5.82,2,2
12.29,24.99,78.18,7.41,93.25,67.12,3500,2786,5.87,3,2
16.39,37.47,91.05,9.35,84.98,86.99,4000,2019,8.76,8,3
5.32,10.9,43.68,5.16,98.62,40.73,2500,2479,1.37,0,0
7.16,13.22,56.24,5.75,96.03,52.77,2500,2381,3.09,1,1
16.82,31.22,99.26,9.0,86.53,85.42,4000,1826,8.98,5,3
10.51,21.75,78.72,7.22,90.99,70.14,3500,2787,6.14,5,2
16.7,37.93,102.57,10.17,87.33,88.98,4000,2065,7.91,7,3
11.09,20.93,75.38,7.52,93.11,72.76,3500,2648,5.53,6,2
4.95,9.9,43.19,4.95,98.39,38.48,2000,1966,1.61,1,0
7.44,12.25,52.0,5.7,95.86,54.32,3000,2739,2.97,2,1
13.37,22.02,76.83,7.66,91.58,73.72,3500,2726,5.58,6,2
8.32,13.2,52.82,6.0,95.78,52.98,3000,2794,3.36,2,1
11.57,21.58,78.27,7.5,90.55,68.03,3500,2801,5.13,5,2
7.0,12.54,57.78,6.05,96.71,54.76,3000,2735,2.98,1,1
8.13,15.37,52.01,5.93,95.85,53.3,2000,1741,3.02,3,1
16.6,38.28,87.75,10.38,85.19,88.35,4000,2421,7.82,8,3
10.52,21.21,77.53,7.5,91.63,69.38,3500,2559,5.08,5,2
10.17,19.93,77.1,7.78,92.62,67.34,3500,2815,5.45,6,2
20.15,38.42,94.12,10.75,83.25,85.41,4000,1604,9.73,7,3
23.32,31.39,100.47,9.07,83.81,87.77,4000,1831,7.35,6,3
8.08,13.28,55.72,5.76,95.8,50.59,2000,1841,3.06,0,1
7.14,14.84,55.8,5.61,96.46,49.2,2500,2396,3.05,1,1
10.66,20.61,78.53,7.33,91.36,71.24,3500,2704,5.62,3,2
4.83,9.3,43.95,5.16,98.46,39.12,2000,1999,1.54,1,0
10.42,24.64,72.17,7.62,92.9,72.55,3500,2625,6.26,6,2
13.39,23.31,71.98,7.45,92.45,72.69,3500,2512,6.31,6,2
6.77,14.37,57.64,5.7,95.74,50.47,2500,2313,3.43,1,1
7.48,14.83,52.17,5.87,95.71,49.63,2000,1899,2.74,3,1
6.76,14.07,54.2,5.89,96.35,52.08,2000,1753,2.75,1,1
19.44,30.72,99.65,9.41,83.68,93.27,4000,1680,7.03,10,3
10.05,24.94,75.49,7.73,91.45,70.42,3500,2503,6.29,2,2
17.63,36.66,101.32,10.18,84.92,86.9,4000,2476,10.45,9,3
13.94,19.09,73.3,7.63,91.24,67.69,3500,2772,5.14,2,2
7.3,13.41,52.6,5.5,96.0,51.83,2500,2215,3.39,0,1
18.55,34.96,92.07,9.56,85.5,88.37,4000,2115,7.68,5,3
7.81,12.89,53.42,5.53,96.39,52.24,3000,2859,3.37,2,1
5.07,10.59,46.15,5.19,98.4,41.0,1500,1514,1.6,1,0
7.39,13.51,53.8,6.09,96.0,52.27,2000,1768,2.56,2,1
6.79,12.9,53.31,5.51,95.55,54.96,2500,2266,3.07,0,1
11.49,23.69,76.87,7.81,91.46,68.95,3500,2624,4.5,3,2
4.96,9.44,45.29,5.17,98.29,39.89,2000,2045,1.41,0,0
13.0,24.41,71.06,7.85,92.32,68.29,3500,2616,5.07,3,2
6.83,15.79,55.47,5.78,95.58,49.54,2500,2283,3.2,3,1
20.22,37.03,101.76,9.5,87.55,86.87,4000,2128,9.17,5,3
7.17,13.71,55.16,5.95,96.06,54.56,2500,2338,2.79,0,1
7.81,15.5,53.83,5.72,96.72,53.52,3000,2724,3.24,2,1
16.6,39.5,89.51,10.67,83.16,91.15,4000,2403,10.77,10,3
13.95,23.35,75.69,7.57,92.97,73.07,3500,2724,4.62,5,2
23.45,35.15,96.99,9.25,86.87,87.84,4000,2400,8.66,6,3
5.38,10.0,43.91,4.91,98.71,41.69,2500,2510,1.6,0,0
5.26,9.87,46.71,5.13,98.21,41.88,2500,2504,1.46,0,0
8.0,14.66,56.01,5.61,96.0,49.03,2500,2341,3.03,3,1
10.82,20.98,76.7,7.19,92.72,66.19,3500,2628,6.43,4,2
8.06,13.17,55.31,5.78,96.03,50.23,3000,2850,2.62,2,1
4.66,10.6,46.07,4.85,98.61,39.62,2500,2459,1.33,0,0
4.62,10.24,45.32,5.17,98.73,39.45,2500,2517,1.49,1,0
6.99,12.84,52.85,5.69,95.26,52.72,3000,2736,3.09,1,1
4.57,10.91,43.71,4.88,98.27,41.95,1500,1517,1.42,1,0
19.27,34.48,99.84,9.22,83.22,91.73,4000,1607,9.21,8,3
19.36,32.08,89.82,9.56,85.74,87.4,4000,2005,7.86,10,3
7.87,15.62,57.05,5.91,96.36,51.36,3000,2895,2.98,2,1
5.24,9.59,43.48,4.82,98.59,40.52,2500,2524,1.58,0,0
19.73,33.71,87.83,9.78,84.3,87.31,4000,2047,10.66,6,3
19.37,36.09,98.86,10.93,84.82,91.79,4000,2352,9.87,7,3
7.09,12.66,52.9,5.71,96.1,54.89,2500,2346,2.75,2,1
19.16,35.21,94.08,9.34,86.14,94.35,4000,2129,8.35,9,3
12.33,21.16,73.42,7.62,92.27,67.05,3500,2853,4.79,4,2
5.37,10.02,45.22,4.89,98.37,39.71,2000,1971,1.69,0,0
8.37,14.71,52.66,5.73,95.56,53.98,2500,2322,3.25,1,1
19.87,35.52,94.43,10.62,82.42,86.97,4000,1838,10.59,7,3
8.47,12.64,54.87,5.57,95.37,50.76,3000,2787,2.67,1,1
4.87,9.42,45.58,4.81,98.38,39.32,1500,1517,1.56,0,0
6.86,14.72,53.55,5.97,95.9,51.47,3000,2890,2.5,3,1
6.99,15.06,56.42,5.95,96.04,51.36,2500,2218,3.03,1,1
12.09,19.31,77.28,7.09,92.39,68.41,3500,2620,6.16,4,2
6.77,15.75,55.19,5.88,95.8,50.78,2500,2393,3.29,0,1
10.25,21.34,74.34,7.68,92.53,66.63,3500,2855,4.52,4,2
10.56,19.04,76.58,7.26,93.23,69.71,3500,2658,4.74,3,2
10.11,21.96,76.35,7.44,91.47,70.2,3500,2797,5.98,2,2
12.18,21.35,77.03,7.59,90.56,72.3,3500,2818,5.31,2,2
17.29,31.4,102.78,10.29,87.99,94.38,4000,1756,8.52,10,3
22.31,36.62,99.66,10.06,86.39,93.92,4000,2149,8.19,6,3
4.6,9.8,44.01,4.8,98.25,39.14,1500,1470,1.58,0,0
6.71,12.97,56.11,5.69,96.39,54.51,2500,2323,2.78,3,1
11.97,21.1,76.57,7.29,92.23,70.58,3500,2854,5.97,5,2
22.09,33.98,96.29,10.66,84.55,88.71,4000,2423,7.8,10,3
21.48,32.77,95.33,9.9,82.55,90.18,4000,2267,10.2,6,3
18.06,36.12,96.9,9.7,84.02,92.39,4000,1732,7.29,5,3
5.25,10.01,44.23,4.83,98.42,41.03,2500,2511,1.53,1,0
10.19,23.25,79.2,7.31,90.86,72.01,3500,2623,5.36,5,2
7.61,14.32,54.21,5.85,96.13,49.56,2500,2295,3.36,2,1
5.14,10.56,43.54,4.97,98.38,41.59,2000,1976,1.32,1,0
4.57,10.92,45.75,4.94,98.77,38.77,2500,2458,1.51,0,0
19.99,32.28,92.21,9.94,87.18,93.8,4000,2286,8.49,6,3
4.51,10.79,46.89,5.16,98.76,39.51,2500,2534,1.42,1,0
10.33,24.04,76.99,7.09,93.22,72.16,3500,2554,6.04,4,2
7.94,13.74,52.92,5.73,96.54,49.64,2000,1755,3.1,0,1
12.82,23.59,74.15,7.62,93.08,69.99,3500,2839,5.02,2,2
20.18,36.01,90.04,9.0,83.98,91.66,4000,1785,10.4,8,3
8.27,15.46,56.21,5.57,96.46,50.36,2000,1789,2.57,1,1
19.76,39.59,99.66,9.89,84.07,94.39,4000,2294,8.26,10,3
4.98,10.72,46.18,4.91,98.7,38.53,2500,2525,1.39,0,0
4.98,9.25,44.72,4.8,98.28,41.68,1500,1502,1.66,1,0
7.05,12.3,56.44,5.79,95.47,53.29,3000,2898,2.94,1,1
21.0,38.68,102.4,9.6,83.95,87.39,4000,1794,9.28,10,3
8.26,12.22,54.0,5.63,96.09,49.07,2000,1727,3.36,0,1
12.44,20.25,77.62,7.96,90.72,69.42,3500,2671,5.61,5,2
10.34,23.63,72.83,7.43,91.42,70.0,3500,2546,4.98,4,2
7.91,13.82,56.64,5.59,96.36,50.58,3000,2780,3.07,1,1
13.09,19.82,70.26,7.41,92.65,68.78,3500,2591,5.62,5,2
5.31,10.03,46.8,4.82,98.26,38.1,1500,1527,1.67,0,0
23.15,35.61,97.67,10.6,87.96,90.79,4000,2343,7.84,7,3
7.1,15.0,56.23,6.01,95.8,52.17,3000,2713,2.5,0,1
8.19,15.18,55.37,6.0,95.95,54.98,3000,2798,3.44,0,1
7.54,13.04,52.41,6.01,95.74,52.31,2500,2298,2.52,1,1
7.2,13.66,56.31,5.71,95.88,52.14,2500,2386,2.99,2,1
5.23,9.95,46.31,4.91,98.68,38.28,2500,2499,1.61,1,0
18.68,37.06,95.08,10.8,85.36,89.58,4000,2446,10.95,5,3
13.49,23.58,72.99,7.22,91.39,73.23,3500,2549,6.33,6,2
17.67,34.4,98.56,10.16,84.51,88.27,4000,1646,8.56,8,3
10.59,21.19,72.09,7.37,92.82,68.91,3500,2781,6.11,3,2
12.38,24.08,74.56,7.24,91.71,66.09,3500,2501,4.9,6,2
7.75,14.41,56.45,5.91,95.9,49.7,2000,1874,3.47,2,1
7.39,14.1,57.09,5.93,95.87,52.99,2500,2246,2.78,2,1
19.01,32.78,102.41,11.0,85.23,90.21,4000,2470,8.89,10,3
7.85,13.58,53.89,5.81,95.76,53.65,2500,2298,3.33,3,1
16.21,39.62,89.51,9.12,84.98,90.96,4000,1532,9.92,5,3
12.01,20.12,71.52,7.95,92.43,73.28,3500,2636,5.73,6,2
7.7,15.03,54.38,6.08,95.97,54.39,2500,2311,2.78,0,1
4.85,9.24,43.05,5.18,98.67,39.43,2500,2489,1.67,0,0
5.17,9.96,43.52,5.04,98.32,39.11,1500,1466,1.46,1,0
23.23,39.76,91.95,10.52,82.99,91.33,4000,2143,9.73,5,3
20.91,35.98,100.36,10.26,86.35,85.66,4000,2363,8.55,7,3
10.33,19.17,75.05,7.23,93.09,67.03,3500,2876,6.23,3,2
4.83,9.49,44.81,5.03,98.54,39.16,2500,2540,1.51,0,0
8.32,14.6,56.84,5.75,96.55,51.8,2000,1813,2.55,0,1
5.11,10.9,44.94,4.97,98.72,39.53,2500,2509,1.7,1,0
11.16,24.23,72.54,7.16,93.1,70.03,3500,2851,6.22,2,2
5.27,10.29,43.1,4.95,98.4,38.29,2000,1983,1.61,0,0
7.75,12.66,53.36,5.75,96.41,49.53,2000,1890,2.86,2,1
19.39,38.6,87.74,10.9,84.02,85.18,4000,2243,10.05,6,3
8.45,13.74,53.56,5.91,96.14,50.94,2000,1763,3.33,1,1
7.59,12.04,53.43,5.82,95.98,49.4,3000,2862,3.12,2,1
19.97,30.89,102.98,10.18,86.15,92.95,4000,2041,7.95,7,3
7.41,12.63,56.81,5.8,96.79,50.85,2500,2316,2.94,3,1
4.78,9.63,43.14,4.85,98.74,41.07,1500,1526,1.38,1,0
4.77,9.35,45.29,5.12,98.31,40.25,2000,2020,1.34,1,0
4.52,9.27,43.04,5.06,98.75,41.39,1500,1493,1.3,1,0
22.78,33.9,94.29,9.4,85.34,87.38,4000,1673,7.19,10,3
13.73,22.65,73.88,7.13,92.53,72.78,3500,2618,5.47,6,2
11.52,20.32,73.87,7.78,92.7,66.25,3500,2633,4.81,3,2
10.05,19.14,72.71,7.76,91.53,66.16,3500,2745,6.09,5,2
4.65,10.58,44.6,5.16,98.49,40.66,2000,1995,1.68,0,0
13.14,21.22,76.83,7.59,92.33,71.47,3500,2760,5.86,6,2
4.8,10.09,45.2,4.81,98.22,40.74,2000,1957,1.63,0,0
19.79,33.25,87.5,10.51,86.03,91.34,4000,2263,10.26,8,3
10.89,24.98,73.29,7.68,91.94,72.02,3500,2694,5.83,2,2
6.84,12.24,56.81,5.9,95.72,51.94,2000,1848,3.39,3,1
5.19,9.33,43.33,5.19,98.55,41.83,2000,2018,1.63,0,0
5.23,9.68,45.19,4.97,98.6,39.21,2500,2500,1.5,0,0
7.4,14.75,54.62,6.09,95.94,52.31,2500,2320,3.42,2,1
4.59,10.99,46.97,4.81,98.56,40.41,2000,2048,1.57,0,0
19.26,37.68,93.8,10.73,87.63,93.73,4000,1600,8.91,6,3
6.93,14.78,54.92,5.98,96.69,54.2,2000,1778,3.02,3,1
21.5,33.78,94.34,9.45,83.98,87.85,4000,1823,8.88,5,3
5.0,9.15,46.06,5.01,98.4,39.62,1500,1521,1.46,1,0
17.35,34.73,95.9,9.12,82.76,94.85,4000,1715,7.1,10,3
13.81,22.3,73.74,7.17,92.77,72.72,3500,2807,5.21,6,2
6.52,14.55,53.49,5.94,95.5,53.93,2500,2372,3.15,1,1
6.61,15.33,53.29,6.08,96.42,50.23,3000,2746,2.68,3,1
10.97,22.37,77.53,7.41,92.66,66.7,3500,2710,6.33,4,2
10.41,22.8,77.75,7.43,91.36,66.96,3500,2869,5.62,2,2
16.24,37.55,95.65,9.77,84.06,94.71,4000,1719,9.12,7,3
21.28,32.44,98.2,10.23,86.37,89.91,4000,1978,7.85,5,3
12.26,21.14,75.74,7.56,90.85,71.56,3500,2530,6.39,5,2
17.83,37.22,87.14,10.47,82.68,85.7,4000,1936,8.27,7,3
6.89,15.11,56.45,5.86,96.05,49.28,2000,1769,2.77,2,1
7.13,13.35,55.28,5.98,95.37,53.16,3000,2894,3.24,0,1
4.55,9.46,45.65,4.86,98.5,40.44,2500,2453,1.55,1,0
8.07,12.46,54.3,5.73,96.64,53.42,3000,2891,2.94,1,1
8.31,15.9,53.95,5.64,96.47,53.41,3000,2764,3.49,0,1
10.67,20.48,73.25,7.19,92.41,72.49,3500,2588,5.13,5,2
22.93,36.35,88.91,10.51,82.78,90.1,4000,2240,8.22,5,3
8.27,15.18,53.42,5.59,96.29,51.14,2000,1867,3.36,1,1
6.61,15.12,52.18,6.02,95.34,49.03,2000,1806,3.32,0,1
5.04,9.75,45.52,4.83,98.71,38.62,1500,1516,1.68,1,0
12.89,23.28,74.09,7.38,93.17,73.79,3500,2720,5.63,5,2
7.48,13.02,57.22,5.57,95.67,51.72,2000,1826,3.03,0,1
16.29,32.35,93.5,10.5,87.67,85.78,4000,1613,8.97,5,3
16.32,30.27,97.39,10.5,83.94,93.71,4000,1604,7.65,10,3
5.27,10.51,45.84,4.99,98.37,39.36,2000,1984,1.54,0,0
7.97,14.94,52.13,5.61,95.8,49.27,2000,1799,3.06,1,1
8.38,15.08,53.46,6.05,95.33,49.84,2000,1810,2.66,2,1
13.49,19.93,71.54,7.52,92.06,69.69,3500,2659,6.18,5,2
10.7,21.58,70.72,7.12,92.62,71.65,3500,2804,4.8,2,2
16.98,38.04,90.85,10.46,85.84,91.74,4000,2377,10.98,6,3
7.01,15.66,55.13,5.74,95.65,51.64,3000,2789,3.16,3,1
12.14,22.39,75.01,7.76,91.2,70.74,3500,2718,6.42,4,2
22.85,32.71,102.31,10.63,84.32,93.11,4000,1725,8.48,7,3
6.88,14.4,53.99,5.69,96.21,50.75,2000,1796,2.54,3,1
19.66,33.32,91.12,10.65,87.69,93.97,4000,2470,9.07,10,3
4.89,10.61,45.73,4.95,98.73,41.51,1500,1545,1.55,1,0
16.55,31.38,89.25,9.33,87.98,92.9,4000,2482,8.07,6,3
5.29,10.79,45.87,5.19,98.5,38.5,2500,2456,1.33,1,0
12.7,23.24,73.9,7.85,92.45,70.26,3500,2722,4.91,6,2
8.08,13.43,52.92,5.54,95.43,51.86,2500,2232,3.44,0,1
13.46,23.72,77.92,7.7,90.7,72.2,3500,2862,4.54,4,2
21.37,38.2,89.8,10.8,85.41,91.45,4000,2473,7.74,6,3
7.56,15.17,56.8,5.67,95.36,54.5,2000,1755,2.5,1,1
13.53,21.46,71.86,7.51,90.73,69.55,3500,2718,5.1,6,2
12.98,23.93,73.61,7.61,92.67,73.19,3500,2678,6.26,2,2
12.84,22.37,73.44,7.84,91.96,67.66,3500,2888,5.62,3,2
7.34,12.75,55.6,5.97,96.1,53.42,2000,1759,2.97,1,1
5.08,10.6,43.89,4.94,98.72,40.51,2500,2534,1.46,0,0
10.26,20.14,73.73,7.27,93.37,68.02,3500,2516,4.85,5,2
6.77,14.86,54.12,5.54,96.73,52.62,3000,2881,3.06,2,1
4.97,10.08,46.38,4.88,98.41,38.72,2500,2521,1.55,0,0
7.78,14.16,57.22,5.96,95.43,52.41,2000,1844,2.97,3,1
23.17,36.05,93.16,10.05,85.38,87.79,4000,2109,7.92,5,3
22.49,36.52,92.42,10.18,82.6,90.06,4000,2353,10.66,6,3
23.79,32.4,90.77,9.93,84.63,93.75,4000,1856,7.63,10,3
6.89,15.0,54.52,5.6,95.9,52.11,2500,2252,2.63,2,1
6.6,13.51,54.41,5.9,96.31,51.42,2000,1735,3.17,1,1
12.98,24.79,77.54,7.37,92.35,70.97,3500,2627,5.16,3,2
13.93,19.13,71.17,7.37,92.41,72.81,3500,2623,6.16,6,2
4.61,10.79,43.38,4.86,98.44,40.34,2500,2544,1.58,1,0
6.75,14.71,54.95,5.51,95.91,49.95,2000,1836,2.9,0,1
6.55,15.9,52.41,5.88,96.62,54.3,2500,2357,2.74,1,1
7.69,12.57,52.01,6.0,95.9,54.41,2000,1864,3.11,3,1
4.57,9.2,45.87,5.15,98.62,38.31,2000,2026,1.47,1,0
5.28,9.17,46.21,4.89,98.75,38.06,1500,1481,1.32,0,0
7.55,12.17,54.59,6.03,96.56,51.54,2500,2289,3.03,3,1
12.89,23.79,75.77,7.68,93.26,73.27,3500,2531,6.04,3,2
12.8,21.66,73.74,7.13,91.26,70.47,3500,2841,4.94,2,2
11.11,19.76,70.77,7.21,92.12,73.01,3500,2605,6.21,4,2
20.82,38.35,95.72,9.26,85.53,89.19,4000,1505,7.94,9,3
12.74,23.79,77.95,7.86,91.01,68.4,3500,2859,5.01,3,2
17.28,38.02,100.34,10.77,84.24,88.25,4000,2366,9.78,6,3
5.24,9.77,46.04,4.97,98.64,40.2,2500,2484,1.64,0,0
20.62,37.28,87.85,9.22,86.96,89.62,4000,1643,7.7,10,3
4.79,9.64,44.95,5.05,98.26,40.33,2000,2029,1.36,0,0
23.38,33.01,100.98,9.48,85.58,92.22,4000,2135,7.8,9,3
23.78,32.78,87.9,10.44,85.85,93.19,4000,2016,7.73,8,3
10.97,24.9,74.33,7.35,91.89,69.32,3500,2647,5.14,6,2
6.77,12.05,57.71,5.64,96.17,52.92,3000,2783,3.2,3,1
7.7,14.11,55.27,5.86,95.79,53.74,3000,2733,3.25,1,1
19.25,31.72,94.92,10.82,84.91,89.17,4000,1756,9.9,8,3
8.44,14.94,55.88,5.54,95.87,49.34,2500,2240,2.63,1,1
4.68,10.35,44.74,5.17,98.58,40.5,2500,2490,1.54,1,0
4.71,10.87,46.1,4.99,98.32,41.51,2000,2012,1.65,0,0
8.33,14.4,52.7,6.08,96.7,51.54,2000,1722,2.71,0,1
10.72,23.08,76.55,7.13,90.53,71.22,3500,2525,5.39,2,2
11.18,20.52,79.64,7.89,91.7,67.3,3500,2511,5.73,5,2
5.47,10.17,46.59,4.89,98.27,40.82,2000,1970,1.69,0,0
19.26,37.75,95.67,10.79,87.36,91.21,4000,2232,10.11,8,3
5.11,9.32,46.96,4.87,98.67,38.46,2500,2479,1.45,0,0
8.2,15.19,56.76,5.71,96.11,54.93,2500,2276,3.31,0,1
13.56,22.15,75.63,7.18,90.77,71.33,3500,2684,4.88,2,2
23.18,31.9,94.88,10.37,85.82,85.58,4000,2485,8.35,6,3
17.51,34.14,95.58,9.38,84.91,86.72,4000,1864,8.8,5,3
19.55,38.24,92.96,9.43,85.24,91.16,4000,1879,9.86,9,3
4.52,10.69,45.62,4.83,98.24,40.33,2500,2456,1.63,1,0
8.11,15.39,52.5,5.65,96.75,54.92,2000,1761,3.48,1,1
23.46,34.51,96.49,9.26,84.71,89.48,4000,2073,10.69,10,3
18.57,36.77,87.66,9.38,85.29,93.95,4000,1634,7.5,7,3
5.11,9.78,45.11,4.9,98.21,39.52,2000,1996,1.69,0,0
7.08,15.63,55.88,5.55,95.84,54.21,2000,1841,3.07,1,1
23.15,39.21,87.07,10.81,86.44,91.06,4000,1753,9.45,7,3
7.38,13.15,54.49,5.66,96.25,51.39,3000,2740,2.64,2,1
22.03,31.34,90.37,10.8,84.24,89.57,4000,1682,8.32,8,3
10.55,20.9,76.79,7.44,90.82,72.22,3500,2818,5.89,3,2
19.31,37.53,87.82,10.28,83.37,91.94,4000,2455,7.24,6,3
5.5,10.47,45.32,4.85,98.27,40.51,2500,2530,1.54,1,0
16.84,30.49,92.18,10.78,86.63,86.61,4000,2267,8.42,9,3
17.8,36.96,101.3,10.33,86.16,91.73,4000,2049,10.29,10,3
8.13,13.72,52.11,5.66,96.54,50.54,2000,1769,2.56,1,1
4.87,10.04,44.06,4.9,98.75,39.5,2000,1963,1.53,0,0
7.62,13.86,54.14,5.97,96.39,52.37,2000,1873,2.82,0,1
10.85,22.41,71.37,7.12,92.4,67.75,3500,2721,5.72,5,2
4.73,9.81,46.24,5.15,98.5,41.23,2000,2009,1.47,1,0
21.57,32.35,87.05,9.83,83.96,89.98,4000,2443,10.97,6,3
11.58,21.56,70.48,7.93,93.22,68.73,3500,2548,4.62,3,2
20.39,39.52,100.11,10.86,84.77,92.38,4000,2421,9.03,9,3
6.64,12.66,52.53,5.75,95.8,52.05,2500,2295,3.02,2,1
4.88,10.26,43.46,4.83,98.7,41.0,2000,1984,1.3,0,0
12.2,20.21,79.51,7.88,91.54,68.37,3500,2653,4.68,3,2
5.1,10.06,46.79,4.81,98.63,41.3,1500,1529,1.56,0,0
8.41,15.11,54.64,5.54,96.42,52.56,2000,1746,3.0,3,1
10.7,23.59,73.51,7.56,90.92,70.28,3500,2753,6.39,3,2
13.74,19.63,76.18,7.27,93.26,69.54,3500,2844,4.7,4,2
13.05,24.24,76.09,7.48,90.6,72.01,3500,2635,5.27,5,2
19.73,35.9,100.49,10.42,84.61,88.53,4000,2382,10.17,6,3
10.19,22.1,71.21,7.81,91.35,71.73,3500,2735,5.54,6,2
7.29,15.74,57.64,5.91,96.16,54.76,2500,2319,2.57,2,1
7.25,14.36,53.4,5.9,96.24,51.85,3000,2876,3.28,3,1
4.83,9.39,46.41,4.91,98.23,39.31,2000,2015,1.53,0,0
20.35,30.89,95.02,10.3,85.84,92.32,4000,2320,8.58,10,3
12.92,22.21,73.94,7.58,91.04,69.99,3500,2523,5.73,2,2
4.79,10.06,45.49,5.04,98.68,41.87,2500,2485,1.67,0,0
23.1,39.65,90.28,9.84,87.83,86.62,4000,1708,10.02,6,3
8.31,13.21,56.76,5.67,96.23,51.15,2000,1784,2.97,2,1
19.93,31.43,97.45,9.64,83.22,94.14,4000,2163,9.81,9,3
18.26,38.63,89.55,10.14,85.82,89.34,4000,1534,10.42,8,3
4.62,10.52,44.62,4.91,98.62,38.79,1500,1454,1.66,1,0
12.25,24.24,77.52,7.5,93.1,66.55,3500,2841,5.1,6,2
13.87,24.15,73.49,7.77,90.99,67.53,3500,2605,5.19,5,2
4.72,9.1,43.16,5.06,98.34,41.93,2500,2532,1.66,0,0
23.94,36.22,93.67,10.15,82.01,85.51,4000,1508,7.61,5,3
5.09,10.82,44.69,4.86,98.24,40.05,1500,1548,1.67,0,0
18.07,30.74,99.3,10.32,85.21,86.99,4000,1718,10.17,5,3
7.45,14.13,56.29,5.68,96.15,50.0,3000,2752,3.28,1,1
12.77,24.39,75.5,7.03,92.28,73.96,3500,2593,5.06,5,2
21.53,30.4,100.42,10.63,82.8,87.73,4000,2338,7.37,8,3
12.38,24.85,73.41,7.66,93.02,67.74,3500,2508,4.56,3,2
11.65,20.36,78.66,7.48,91.91,66.14,3500,2857,5.72,3,2
10.3,19.69,74.51,7.92,92.94,68.83,3500,2579,4.56,6,2
17.27,33.54,91.83,10.25,82.13,91.56,4000,1726,8.79,10,3
21.22,31.22,89.76,9.74,83.23,92.57,4000,2355,10.96,5,3
21.97,33.61,94.0,10.6,86.57,90.0,4000,2224,10.37,9,3
12.28,21.98,71.26,7.88,91.52,71.9,3500,2883,5.63,2,2
4.59,9.16,46.21,4.98,98.29,39.15,2000,1985,1.65,0,0
5.15,9.65,43.8,4.86,98.71,38.4,2500,2469,1.67,1,0
6.93,14.25,52.86,5.88,96.74,49.6,2500,2308,2.89,3,1
7.26,13.7,57.69,6.01,95.71,52.64,2000,1816,2.77,1,1
12.96,23.2,73.27,7.46,91.44,68.27,3500,2630,6.2,4,2
8.19,12.81,53.29,5.8,95.5,52.81,3000,2734,3.17,2,1
18.06,36.91,95.08,10.13,87.83,94.84,4000,2175,9.1,10,3
23.15,35.01,93.71,9.64,87.41,88.05,4000,2303,10.18,5,3
10.93,24.42,73.61,7.73,90.6,71.1,3500,2827,5.61,5,2
7.22,14.27,56.38,6.04,96.18,53.98,2500,2243,3.45,3,1
11.05,23.03,72.4,7.95,93.16,68.71,3500,2892,6.36,3,2
18.34,38.53,91.79,10.5,84.56,89.51,4000,1720,7.05,9,3
6.96,15.49,53.81,5.53,95.44,50.9,2500,2338,3.16,2,1
13.46,23.33,71.8,7.95,92.74,66.76,3500,2613,5.6,3,2
7.65,14.36,57.71,6.01,96.1,51.54,2500,2339,2.68,0,1
7.17,12.5,52.65,6.06,95.22,53.23,2000,1813,3.22,2,1
4.82,10.96,43.21,4.87,98.31,40.42,1500,1533,1.41,0,0
23.48,35.16,100.38,9.18,82.67,85.52,4000,1563,8.5,5,3
13.51,19.67,76.59,7.91,92.57,71.64,3500,2648,5.15,4,2
7.09,13.89,55.09,5.52,96.76,52.91,3000,2826,3.21,0,1
21.4,32.25,88.14,9.41,85.38,93.87,4000,2125,9.62,6,3
16.37,37.59,100.14,10.95,86.77,91.07,4000,2253,8.77,10,3
4.9,10.02,46.66,4.93,98.5,39.31,2500,2521,1.59,1,0
8.39,12.47,54.5,5.86,96.42,54.84,3000,2758,2.57,0,1
11.53,24.04,71.28,7.82,91.0,67.68,3500,2729,5.63,4,2
10.38,19.53,72.19,7.99,91.31,67.96,3500,2719,5.12,4,2
4.51,9.94,44.66,4.94,98.46,39.08,1500,1512,1.35,0,0
13.65,20.67,70.77,7.39,92.88,67.4,3500,2834,6.29,2,2
18.64,30.34,92.0,9.82,83.55,89.21,4000,2358,7.86,9,3
4.78,10.06,46.58,5.04,98.53,40.62,2500,2462,1.5,0,0
10.04,20.74,79.48,7.58,91.39,68.78,3500,2660,5.28,3,2
12.97,20.81,75.28,7.61,91.71,70.43,3500,2891,4.89,2,2
12.99,21.86,75.22,7.09,90.95,68.22,3500,2578,5.41,2,2
21.09,31.38,92.52,10.94,83.23,91.96,4000,2331,10.83,9,3
5.03,9.85,46.29,4.87,98.26,39.27,1500,1505,1.63,0,0
5.27,9.97,45.95,5.15,98.57,40.53,2000,2015,1.41,1,0
12.11,22.22,75.57,7.36,91.65,66.14,3500,2865,5.37,2,2
19.01,32.21,88.07,11.0,85.39,92.89,4000,1953,8.85,9,3
23.6,39.53,92.66,10.96,86.11,90.52,4000,2321,10.0,10,3
7.2,13.07,52.43,5.69,96.32,50.31,3000,2892,3.06,1,1
8.34,15.36,52.55,5.58,96.06,54.54,2000,1772,3.44,3,1
6.88,16.0,53.94,5.67,95.64,49.51,2000,1881,2.69,3,1
10.27,20.37,76.95,7.16,91.89,70.24,3500,2708,6.37,4,2
23.4,34.02,101.1,10.19,85.44,90.59,4000,2440,7.02,10,3
6.6,14.63,52.02,5.92,96.65,52.09,2500,2349,3.12,3,1
7.42,15.18,55.58,5.99,96.08,49.73,3000,2803,2.93,1,1
8.38,15.24,52.59,5.75,95.83,53.97,2000,1852,2.75,0,1
12.89,24.82,76.72,7.94,91.07,68.94,3500,2601,5.08,6,2
18.1,33.89,91.38,10.1,83.77,88.42,4000,1829,10.14,5,3
6.79,15.04,55.99,5.97,95.35,49.04,2000,1864,3.23,3,1
20.05,33.85,87.56,9.41,87.62,88.33,4000,1572,10.86,8,3
13.34,24.87,70.06,7.16,92.23,68.7,3500,2854,5.21,4,2
5.4,11.0,45.02,4.92,98.72,40.1,2000,1958,1.4,0,0
11.44,19.33,78.01,7.84,93.04,69.49,3500,2729,5.24,6,2
4.91,10.09,46.32,4.97,98.47,41.6,1500,1489,1.35,0,0
13.08,24.25,70.45,7.54,90.9,72.16,3500,2864,5.83,2,2
13.56,23.3,73.61,7.15,92.29,67.92,3500,2636,4.7,6,2
12.81,22.35,72.21,7.7,92.3,70.08,3500,2607,5.46,6,2
13.24,24.25,70.61,7.58,91.78,66.01,3500,2514,5.32,5,2
5.36,9.41,44.87,4.95,98.76,39.11,1500,1474,1.35,1,0
10.23,20.26,70.27,7.08,91.67,71.17,3500,2742,5.91,4,2
12.9,22.53,76.76,7.87,90.54,72.74,3500,2506,6.45,3,2
13.45,23.83,78.72,7.55,91.86,68.34,3500,2660,4.55,2,2
7.5,12.29,54.9,5.62,96.53,52.57,2000,1892,3.44,3,1
4.55,9.57,44.75,5.2,98.47,39.11,2500,2493,1.33,1,0
7.66,14.03,56.72,5.59,96.54,50.62,3000,2736,3.15,3,1
10.8,20.9,73.86,7.93,90.89,66.78,3500,2576,5.26,6,2
7.48,13.83,54.7,6.01,95.67,54.15,2500,2311,3.38,2,1
16.39,33.78,99.95,10.51,85.05,88.43,4000,2290,8.22,8,3
19.47,34.57,96.49,9.79,85.36,89.65,4000,2441,8.81,8,3
5.45,9.69,43.77,4.96,98.49,38.33,2000,1978,1.31,0,0
23.96,31.62,96.01,10.32,87.39,90.52,4000,1814,9.05,7,3
17.51,32.2,93.5,10.89,86.42,87.63,4000,2003,7.57,10,3
20.37,34.59,101.4,9.18,83.68,85.18,4000,1863,10.92,5,3
4.82,10.14,46.66,5.14,98.43,41.0,1500,1502,1.35,1,0
5.42,9.84,45.92,5.12,98.26,40.71,1500,1474,1.58,0,0
8.22,12.16,53.74,6.1,95.54,54.1,3000,2809,2.75,2,1
17.36,31.67,101.82,9.05,82.29,85.25,4000,2241,9.1,6,3
4.64,10.53,46.98,4.88,98.58,40.21,1500,1525,1.38,0,0
11.95,24.47,77.59,7.16,90.98,69.61,3500,2758,6.49,2,2
12.75,20.9,71.02,7.07,91.35,72.27,3500,2713,4.96,5,2
16.57,31.08,96.21,10.27,87.11,89.13,4000,2314,9.94,10,3
16.39,30.86,89.18,10.92,82.2,93.05,4000,1856,9.7,9,3
6.69,12.86,55.05,5.7,95.8,51.6,2500,2336,3.3,0,1
7.12,14.62,53.08,5.97,95.9,51.58,2500,2317,2.6,2,1
18.03,38.13,99.3,9.83,87.35,94.01,4000,2098,7.19,7,3
13.93,19.73,72.58,7.81,91.33,66.11,3500,2829,5.4,4,2
17.75,35.52,97.94,10.42,84.48,94.23,4000,1991,9.49,6,3
11.7,19.98,74.03,7.87,91.91,71.21,3500,2547,4.55,2,2
11.38,23.71,73.78,7.25,92.17,71.35,3500,2758,5.6,2,2
8.36,13.8,57.11,5.71,95.3,52.21,2000,1889,3.17,2,1
20.99,35.55,92.66,9.26,85.99,85.51,4000,2036,8.23,6,3
5.09,10.25,45.57,4.89,98.39,40.91,1500,1464,1.32,0,0
8.02,13.59,53.4,6.01,96.31,54.68,2000,1855,2.88,0,1
20.07,32.33,95.43,9.14,84.69,87.76,4000,1876,10.84,5,3
11.53,23.38,78.33,7.56,91.5,73.18,3500,2687,4.56,5,2
23.6,33.05,101.7,10.45,83.73,89.55,4000,1894,8.86,8,3
13.02,23.22,71.69,7.21,92.84,70.03,3500,2795,5.43,6,2
4.7,10.07,44.93,5.15,98.7,40.38,1500,1471,1.58,1,0
10.11,22.89,72.04,7.59,92.61,71.31,3500,2707,4.83,6,2
12.56,22.28,73.57,7.51,93.15,73.36,3500,2692,6.37,4,2
12.14,19.2,72.96,7.16,90.95,73.0,3500,2551,5.01,2,2
21.42,37.32,88.52,10.37,85.31,93.04,4000,2285,7.46,6,3
12.54,24.1,75.36,7.11,91.58,72.4,3500,2776,5.69,4,2
5.34,9.63,44.49,5.08,98.53,41.94,2000,1998,1.58,1,0
7.5,13.94,54.23,6.0,95.88,51.87,2500,2349,3.3,1,1
5.47,10.74,46.02,5.02,98.56,41.12,2500,2523,1.55,0,0
17.13,38.18,102.24,10.76,87.54,85.38,4000,2047,7.98,7,3
5.37,9.89,44.78,4.9,98.56,38.0,2000,1965,1.35,1,0
22.79,37.24,90.18,9.5,86.99,91.91,4000,1620,7.86,5,3
10.84,22.68,79.27,7.95,93.43,72.49,3500,2879,5.96,3,2
11.33,25.0,70.35,7.59,91.39,66.42,3500,2866,6.28,3,2
16.05,33.15,94.59,10.73,83.68,87.23,4000,2373,10.15,8,3
4.62,10.67,46.9,5.05,98.69,38.46,2000,1995,1.51,0,0
16.74,33.73,97.63,9.43,86.08,94.13,4000,2328,7.62,9,3
6.71,12.24,53.18,5.54,95.95,51.33,3000,2801,3.44,1,1
7.47,13.31,56.32,6.04,95.34,50.16,2500,2266,3.5,1,1
4.59,9.63,45.32,5.0,98.38,39.75,1500,1516,1.5,1,0
20.04,31.96,87.29,10.2,86.77,87.05,4000,2278,9.19,7,3
5.28,9.26,44.19,5.13,98.67,40.86,1500,1520,1.36,0,0
10.22,20.39,73.31,7.78,93.21,71.09,3500,2759,5.87,4,2
5.03,9.67,44.85,4.87,98.74,38.73,2000,2017,1.54,0,0
5.39,9.9,44.66,5.06,98.69,38.6,1500,1532,1.63,0,0
11.91,22.43,78.14,7.27,91.48,73.04,3500,2534,5.87,4,2
10.85,20.61,75.68,7.68,91.95,73.2,3500,2524,4.58,4,2
11.81,21.1,71.42,7.06,91.39,72.42,3500,2693,4.56,3,2
22.54,35.33,99.02,10.78,87.23,94.69,4000,2061,9.65,7,3
5.15,9.33,45.85,4.99,98.36,38.22,2000,1951,1.61,1,0
7.97,13.19,54.98,5.78,96.41,49.09,2500,2351,3.18,1,1
21.18,37.49,94.85,9.64,84.96,91.98,4000,1692,7.96,6,3
12.13,24.74,71.93,7.15,91.46,72.28,3500,2730,5.71,4,2
4.67,9.54,46.57,4.94,98.2,41.21,2500,2494,1.48,0,0
12.28,22.85,79.02,7.33,93.12,66.18,3500,2522,6.05,4,2
7.45,15.66,55.19,5.66,95.95,54.55,2500,2221,3.23,2,1
7.89,14.31,57.23,5.73,95.6,51.94,2500,2339,2.77,1,1
10.74,24.06,71.63,7.13,90.8,68.51,3500,2752,5.47,6,2
7.77,13.28,57.87,5.84,95.9,54.41,3000,2859,3.5,0,1
5.41,9.97,43.42,4.9,98.43,41.59,1500,1474,1.39,1,0
13.67,24.73,76.57,7.33,90.57,69.35,3500,2896,5.15,3,2
20.75,34.23,101.4,10.91,84.82,91.51,4000,1941,7.54,10,3
21.94,31.96,95.38,9.71,86.21,89.2,4000,1811,9.33,6,3
4.89,10.45,44.78,4.9,98.44,40.04,1500,1544,1.35,1,0
7.81,12.59,55.62,6.03,95.65,54.79,2000,1891,3.39,2,1
11.72,19.77,73.98,7.96,91.78,70.69,3500,2528,4.91,3,2
6.87,14.51,52.28,5.85,95.84,51.31,2000,1748,2.78,2,1
10.71,20.31,70.63,7.62,91.68,68.81,3500,2648,4.5,4,2
7.27,12.16,55.92,5.91,96.02,52.95,2000,1896,3.18,0,1
20.74,36.34,90.8,9.76,85.99,88.36,4000,1697,10.67,7,3
10.9,20.31,77.51,7.97,92.22,72.55,3500,2662,4.9,4,2
22.62,31.67,97.69,10.48,83.14,91.06,4000,1978,10.23,7,3
13.01,21.94,73.64,7.88,90.93,70.28,3500,2706,4.5,3,2
16.65,32.38,97.68,10.39,84.56,90.36,4000,2013,10.31,8,3
20.9,38.14,96.42,10.1,82.01,85.94,4000,2139,10.5,6,3
13.06,24.0,78.5,7.79,92.74,68.46,3500,2604,6.39,3,2
21.01,34.22,94.38,9.67,84.95,87.34,4000,2413,10.36,9,3
20.62,31.0,96.77,9.92,83.59,90.24,4000,1505,8.09,5,3
8.35,14.13,56.29,5.92,96.03,49.75,3000,2782,3.25,2,1
19.78,35.56,94.97,9.56,83.13,94.64,4000,1953,10.15,5,3
19.61,35.09,99.9,9.54,85.97,85.26,4000,2492,8.52,5,3
12.17,19.11,72.83,7.63,92.08,68.74,3500,2855,4.95,5,2
23.82,31.71,88.96,9.93,87.44,86.9,4000,2332,10.74,6,3
17.63,34.28,89.46,9.34,85.52,88.49,4000,2343,10.66,7,3
18.64,37.21,93.81,9.75,83.05,94.82,4000,1656,9.98,5,3
13.77,24.1,72.43,7.77,91.96,70.58,3500,2603,5.43,5,2
22.14,38.76,88.51,10.15,85.99,87.43,4000,1510,7.55,6,3
10.23,19.67,75.73,7.13,91.37,68.29,3500,2801,6.37,2,2
8.21,13.42,55.73,5.93,95.36,49.54,2000,1783,3.48,3,1
23.66,38.16,88.48,9.89,86.83,86.57,4000,1719,9.29,7,3
11.6,20.28,72.32,7.61,93.33,67.81,3500,2703,4.72,4,2
4.51,10.92,45.95,5.18,98.33,41.39,2500,2527,1.47,1,0
19.17,39.64,99.83,9.84,86.58,91.76,4000,2440,10.84,7,3
6.82,12.4,56.28,5.57,96.7,50.4,2000,1821,3.49,0,1
5.32,10.3,45.31,4.95,98.75,41.0,1500,1504,1.3,0,0
13.1,21.94,79.22,7.21,93.38,68.13,3500,2860,5.55,3,2
13.02,22.01,76.86,7.45,90.61,73.75,3500,2883,5.68,5,2
4.81,9.3,43.46,5.08,98.22,39.55,2000,2004,1.59,1,0
22.82,35.62,94.43,10.65,83.23,94.44,4000,2489,8.24,5,3
18.91,33.41,87.18,9.76,83.47,88.01,4000,1910,10.08,5,3
13.79,24.94,70.19,7.25,92.4,71.75,3500,2813,5.89,6,2
11.83,24.08,72.61,7.55,92.17,68.41,3500,2706,6.21,2,2
10.08,23.96,74.51,7.51,92.93,72.92,3500,2709,5.6,5,2
4.78,10.79,45.01,4.91,98.55,38.49,2500,2503,1.31,1,0
19.3,31.71,89.92,10.75,84.26,85.58,4000,2360,8.34,10,3
6.77,13.23,52.05,5.54,95.33,54.55,3000,2811,3.45,0,1
21.84,39.0,97.37,10.64,84.24,93.93,4000,1819,8.12,8,3
16.64,35.14,90.01,10.54,82.13,94.11,4000,1836,7.62,9,3
10.3,23.09,73.89,7.5,92.27,72.43,3500,2798,4.63,5,2
21.65,37.78,93.3,9.33,83.46,91.16,4000,1724,7.1,5,3
7.58,15.78,57.9,6.01,96.17,53.6,2500,2285,2.79,2,1
5.38,9.95,45.87,5.04,98.67,39.13,2500,2481,1.56,1,0
16.18,30.77,87.83,9.78,85.77,88.33,4000,2465,8.25,10,3
17.89,32.83,94.24,9.89,87.47,94.96,4000,1744,9.84,9,3
6.53,15.35,54.33,5.7,96.3,54.21,2000,1713,3.38,0,1
12.32,21.66,70.9,7.15,91.73,69.98,3500,2838,6.02,5,2
13.72,24.83,74.61,7.61,90.95,67.79,3500,2862,5.57,5,2
23.31,37.58,99.17,10.08,83.76,93.94,4000,1857,9.19,6,3
13.82,24.76,79.15,7.17,92.97,67.14,3500,2647,5.77,6,2
5.34,10.67,46.41,4.97,98.61,41.23,2000,1976,1.34,1,0
4.69,9.61,43.51,5.14,98.72,41.66,1500,1462,1.54,1,0
7.97,15.05,53.77,5.94,95.87,52.1,3000,2799,2.56,3,1
10.23,24.04,77.57,7.7,91.6,67.52,3500,2776,5.88,6,2
17.3,37.63,94.23,10.75,82.46,89.78,4000,1546,10.78,10,3
7.66,12.04,54.55,5.82,95.64,52.53,3000,2828,3.07,0,1
6.59,13.11,54.71,5.75,95.28,49.84,2000,1758,3.22,0,1
13.5,20.27,73.42,7.9,91.11,70.05,3500,2702,5.56,2,2
4.71,10.22,46.39,5.17,98.45,39.26,2500,2514,1.65,1,0
12.62,21.67,75.31,7.41,93.32,68.63,3500,2542,5.44,4,2
6.89,15.59,52.71,5.67,96.75,49.29,2500,2329,2.64,3,1
10.27,19.18,70.92,7.2,91.56,66.76,3500,2559,5.93,3,2
4.82,9.4,45.41,5.02,98.36,38.38,2500,2451,1.31,0,0
8.15,12.46,53.83,5.55,96.67,51.46,2000,1836,3.44,1,1
7.8,14.92,57.92,5.68,96.2,49.89,2500,2204,2.73,0,1
12.28,21.76,77.14,7.78,92.15,71.93,3500,2659,6.42,6,2
20.92,31.5,101.03,9.12,84.58,93.85,4000,1702,7.06,9,3
10.81,24.75,72.51,7.66,92.27,73.87,3500,2847,5.15,4,2
23.21,30.25,95.39,10.14,83.2,94.73,4000,1846,7.17,10,3
13.3,20.75,71.62,7.17,90.76,70.06,3500,2681,6.38,6,2
13.09,19.76,70.17,7.07,92.9,70.56,3500,2821,5.76,2,2
17.04,30.58,93.4,9.69,86.83,91.1,4000,1793,8.82,8,3
8.09,15.15,52.64,5.77,96.59,53.24,3000,2882,2.86,1,1
17.53,31.32,94.63,9.48,85.86,94.24,4000,2181,8.93,6,3
4.74,10.0,45.26,5.0,98.58,41.85,1500,1469,1.55,1,0
22.31,38.3,90.09,9.6,84.35,88.28,4000,1699,8.93,7,3
16.09,30.46,93.06,9.41,84.07,85.34,4000,1505,9.95,7,3
18.29,36.4,97.5,10.77,82.77,94.13,4000,1564,9.95,10,3
4.95,10.18,43.36,5.18,98.79,38.63,1500,1450,1.65,1,0
5.15,9.32,45.04,5.1,98.31,38.27,2000,2024,1.39,1,0
6.93,14.69,55.04,5.98,95.45,49.02,3000,2788,3.19,0,1
6.89,12.32,53.29,5.81,95.42,52.86,2000,1713,2.86,2,1
4.59,10.89,45.96,4.97,98.28,41.07,2000,2028,1.35,1,0
6.94,13.35,52.54,5.62,95.88,51.37,2000,1706,3.35,2,1
23.23,35.68,91.73,10.3,83.66,90.84,4000,2427,9.72,5,3
18.6,33.87,90.61,10.52,85.85,94.8,4000,1518,7.48,8,3
13.21,23.96,71.67,7.55,91.68,68.2,3500,2530,4.6,2,2
19.42,33.19,99.98,10.74,87.39,92.31,4000,2343,8.38,5,3
4.69,9.03,44.54,5.15,98.58,41.62,2500,2472,1.5,1,0
12.32,19.81,72.71,7.64,93.38,72.74,3500,2752,5.3,5,2
7.52,13.89,54.37,6.04,95.5,51.84,3000,2884,3.14,3,1
20.85,39.78,88.99,9.18,84.07,91.03,4000,1892,8.83,7,3
23.67,32.52,101.82,9.98,86.5,94.55,4000,2160,10.62,9,3
11.67,19.38,78.36,7.86,92.67,68.05,3500,2728,5.78,3,2
10.26,24.14,79.26,7.26,93.45,71.01,3500,2866,6.17,2,2
13.13,19.8,72.36,7.92,90.83,70.88,3500,2656,5.91,3,2
7.2,12.84,52.76,5.66,96.61,54.47,2000,1833,2.64,3,1
4.76,10.11,45.14,4.85,98.77,38.93,1500,1451,1.68,0,0
23.14,39.91,92.39,10.85,87.12,92.54,4000,1773,8.69,5,3
11.35,19.38,70.9,7.71,92.59,69.85,3500,2821,5.87,6,2
5.41,10.27,45.25,5.0,98.22,39.83,2500,2515,1.48,0,0
11.65,19.37,70.88,7.11,90.92,72.97,3500,2732,6.31,5,2
4.82,10.97,45.68,5.11,98.64,41.13,2500,2479,1.47,0,0
23.66,36.83,93.45,9.78,85.48,92.28,4000,2248,9.92,5,3
11.27,20.75,77.92,7.96,90.79,72.65,3500,2716,5.24,5,2
11.91,24.32,78.19,7.24,92.03,67.99,3500,2557,5.62,4,2
11.22,20.0,70.68,7.69,90.98,71.95,3500,2580,4.51,3,2
22.09,36.4,90.47,9.44,83.93,85.24,4000,2340,8.85,10,3
10.73,20.97,79.37,7.49,90.86,71.1,3500,2561,4.89,5,2
4.96,10.56,46.21,5.07,98.77,38.87,2000,2026,1.68,1,0
23.11,30.04,91.89,10.42,87.02,93.29,4000,2051,9.59,6,3
5.44,10.55,46.87,4.83,98.79,41.27,2000,2034,1.65,0,0
6.78,13.58,56.19,5.74,96.4,52.49,3000,2860,3.05,0,1
13.44,22.49,76.61,7.01,90.99,73.62,3500,2879,4.84,4,2
6.94,13.64,52.55,5.91,95.87,51.06,2000,1861,3.28,0,1
17.64,36.36,95.98,10.8,86.87,93.91,4000,2145,7.2,9,3
11.23,21.48,78.71,7.44,92.08,69.29,3500,2671,4.81,3,2
5.23,10.13,43.04,5.14,98.46,41.16,2500,2492,1.34,1,0
4.6,10.35,46.06,4.93,98.21,40.18,2000,2044,1.41,1,0
7.77,12.32,54.17,5.72,95.58,49.13,2500,2211,3.21,3,1
7.58,13.16,53.28,5.99,95.31,51.68,3000,2719,3.33,2,1
16.06,35.12,98.57,9.38,83.99,87.23,4000,2468,9.16,10,3
11.13,24.5,76.76,7.08,90.95,68.31,3500,2538,5.98,2,2
7.21,14.17,52.69,5.56,95.97,53.41,2000,1805,3.37,2,1
22.66,32.7,96.23,10.86,84.1,90.57,4000,2498,9.35,9,3
12.93,23.84,78.73,7.88,93.24,72.33,3500,2766,4.54,4,2
7.36,15.93,56.84,5.67,96.12,52.26,3000,2767,3.32,1,1
8.07,14.81,52.81,5.73,96.07,52.91,2500,2389,2.53,3,1
5.1,9.93,43.55,5.02,98.23,39.78,1500,1469,1.5,0,0
13.39,23.47,79.03,7.42,93.4,71.66,3500,2556,6.47,4,2
17.43,33.11,94.51,9.39,83.49,85.42,4000,2286,10.61,10,3
16.53,31.81,99.52,9.36,83.75,90.01,4000,2068,8.1,8,3
17.66,35.92,101.56,10.09,86.03,88.05,4000,1605,10.18,5,3
13.08,22.38,78.02,7.87,90.99,71.73,3500,2698,4.62,2,2
12.42,19.47,76.96,7.8,91.74,72.15,3500,2638,5.56,2,2
5.39,9.8,46.32,5.16,98.4,40.79,2500,2513,1.55,1,0
19.24,32.68,99.44,10.81,82.33,90.52,4000,1531,7.63,5,3
7.15,15.19,52.57,5.59,96.47,54.8,2500,2280,3.23,1,1
6.56,13.31,55.5,5.77,95.84,50.13,2000,1853,3.04,2,1
4.59,10.35,43.9,4.84,98.33,39.66,2000,2019,1.39,1,0
18.62,39.76,99.68,9.62,83.75,88.3,4000,2324,7.27,7,3
13.2,19.22,70.53,7.56,91.34,69.56,3500,2890,4.9,3,2
5.04,9.9,45.04,5.17,98.76,40.5,2500,2458,1.51,1,0
18.49,36.6,91.79,9.63,83.47,89.87,4000,2468,7.75,5,3
11.69,21.32,72.65,7.04,90.99,69.69,3500,2851,6.19,4,2
7.9,14.65,56.51,5.53,96.8,50.17,2000,1870,2.97,3,1
4.84,9.66,44.12,5.0,98.63,40.05,1500,1523,1.45,1,0
5.37,10.1,43.64,5.1,98.77,39.1,1500,1516,1.53,0,0
19.68,38.98,96.08,9.69,83.41,88.54,4000,2047,10.94,8,3
13.59,24.91,71.37,7.69,90.91,71.99,3500,2671,5.15,2,2
21.19,36.08,98.73,9.39,83.19,93.74,4000,1692,8.05,9,3
16.27,38.07,95.83,9.33,83.35,87.31,4000,2470,8.18,5,3
12.37,21.54,71.12,7.66,92.35,73.79,3500,2606,6.05,2,2
22.0,31.05,94.32,9.39,86.84,94.32,4000,2269,7.59,10,3
7.39,14.99,54.61,6.0,95.29,51.06,2000,1803,2.62,3,1
12.57,20.76,73.34,7.78,91.4,70.37,3500,2824,6.22,2,2
10.23,20.6,76.23,7.94,92.91,66.14,3500,2826,4.8,2,2
11.84,20.79,71.78,7.05,92.92,66.97,3500,2553,5.64,4,2
5.04,10.83,46.94,5.09,98.6,40.16,2000,2012,1.62,1,0
4.62,9.52,43.46,5.12,98.7,40.84,2500,2473,1.35,0,0
5.22,9.27,46.06,5.08,98.4,39.86,1500,1466,1.63,1,0
4.84,9.14,44.15,4.82,98.69,38.86,1500,1472,1.31,0,0
13.99,24.72,71.67,7.12,92.34,70.22,3500,2676,5.4,2,2
7.08,12.36,54.2,5.62,95.57,51.28,2500,2364,3.48,2,1
16.9,38.74,98.41,10.88,87.97,91.54,4000,1501,10.46,7,3
4.98,9.28,46.1,4.98,98.78,38.23,1500,1473,1.34,0,0
7.38,14.42,53.09,5.67,95.62,53.64,3000,2784,3.38,2,1
5.05,9.77,45.32,4.8,98.37,40.51,2000,2026,1.65,1,0
11.21,21.28,77.63,7.59,92.83,68.67,3500,2751,4.99,5,2
21.06,30.58,88.39,9.68,87.01,88.1,4000,1591,10.22,7,3
10.61,20.71,74.54,7.18,92.36,70.32,3500,2796,6.2,6,2
4.53,10.07,46.67,5.03,98.48,38.04,2000,2004,1.6,0,0
7.87,12.13,55.38,5.79,95.47,50.98,3000,2804,2.65,0,1
11.61,22.77,77.55,7.11,92.43,72.64,3500,2889,5.97,2,2
7.37,12.44,56.3,5.58,96.62,54.78,3000,2889,3.42,1,1
5.01,10.2,45.28,4.91,98.29,39.63,2000,1994,1.61,1,0
4.62,10.42,45.61,5.07,98.26,41.11,2000,2025,1.7,0,0
12.24,19.39,74.09,7.99,90.74,66.46,3500,2613,4.95,2,2
8.26,14.26,52.31,5.54,95.56,51.95,2500,2247,2.8,2,1
4.62,9.55,43.8,4.82,98.74,41.16,2000,1989,1.67,1,0
10.44,23.22,74.4,7.95,91.06,69.13,3500,2500,5.22,2,2
7.28,13.54,52.02,5.71,95.49,52.66,2500,2371,2.61,1,1
12.17,24.77,77.33,7.32,91.25,71.49,3500,2620,4.64,2,2
18.96,35.22,88.74,10.74,87.95,92.8,4000,2074,7.57,7,3
10.48,20.44,78.92,7.74,92.37,66.32,3500,2557,4.51,4,2
16.21,33.15,99.1,10.36,84.81,92.94,4000,2303,9.53,6,3
10.74,20.54,76.5,7.26,91.21,72.73,3500,2604,5.44,5,2
8.18,15.31,57.88,5.94,95.55,53.73,2500,2366,2.83,0,1
5.18,10.67,44.43,4.96,98.5,41.57,1500,1475,1.63,1,0
16.26,30.98,96.96,10.9,83.67,86.28,4000,2371,9.58,9,3
8.08,15.78,56.89,6.09,96.62,53.58,2500,2281,2.61,3,1
12.46,23.56,78.54,7.76,92.26,69.52,3500,2671,5.54,4,2
10.29,23.3,78.11,7.91,93.18,70.06,3500,2805,5.77,2,2
6.85,14.42,56.54,5.94,95.61,52.07,2000,1774,2.77,0,1
5.26,9.37,45.65,5.2,98.42,41.35,2500,2450,1.52,1,0
13.39,23.35,74.2,7.41,92.13,71.38,3500,2831,4.56,6,2
8.34,15.12,52.53,5.78,96.21,52.06,3000,2868,2.65,2,1
8.08,14.94,53.6,5.65,95.36,52.85,2000,1857,3.5,3,1
19.06,30.94,99.18,10.79,83.57,88.47,4000,1746,10.0,8,3
5.18,9.12,44.09,5.16,98.45,38.29,1500,1490,1.39,0,0
7.66,14.55,54.26,5.99,95.79,50.52,2500,2309,2.9,0,1
12.93,24.65,79.71,7.49,91.87,71.23,3500,2705,4.96,3,2
8.06,14.74,56.96,5.6,96.28,54.28,2500,2211,2.84,3,1
18.24,31.35,90.7,10.19,86.09,92.77,4000,1846,8.74,10,3
7.45,14.94,55.89,5.87,95.26,53.5,3000,2807,2.82,0,1
7.1,15.12,57.99,5.79,96.65,49.21,2000,1806,3.02,1,1
6.8,12.56,56.61,5.82,95.59,53.07,2500,2377,3.23,0,1
7.55,14.7,57.73,5.68,96.54,54.34,2500,2201,2.68,2,1
12.92,21.74,70.11,7.87,92.37,67.44,3500,2844,5.46,3,2
5.34,9.54,45.17,5.16,98.74,41.95,2000,1970,1.41,1,0
19.97,35.22,96.96,9.31,82.64,90.9,4000,2462,10.66,8,3
6.97,13.36,56.63,5.87,95.46,49.74,2000,1790,3.41,0,1
13.1,21.03,77.45,7.74,91.06,68.98,3500,2791,5.77,4,2
6.97,15.01,55.55,5.52,96.18,51.47,2500,2329,3.24,1,1
13.55,19.73,73.94,7.16,91.35,66.65,3500,2677,6.2,5,2
4.72,10.31,44.57,4.94,98.69,41.72,2000,1968,1.34,0,0
12.24,23.59,77.32,7.53,91.62,72.35,3500,2802,5.69,2,2
6.84,15.19,57.18,5.67,95.63,49.76,3000,2831,3.3,2,1
10.92,19.97,77.8,7.43,91.82,72.74,3500,2869,5.99,5,2
13.16,20.68,75.38,7.98,90.84,70.65,3500,2555,6.12,4,2
19.74,35.8,95.43,9.76,87.01,88.45,4000,1505,9.72,7,3
6.7,14.65,52.75,5.93,95.97,52.38,2000,1703,3.27,1,1
10.32,23.4,72.04,7.79,91.74,69.82,3500,2616,5.23,2,2
12.29,22.31,77.61,7.12,91.97,71.81,3500,2588,4.58,4,2
13.92,21.5,79.75,7.38,91.84,71.83,3500,2632,4.87,4,2
8.07,14.49,57.68,5.8,96.34,53.42,2000,1875,2.54,3,1
4.87,9.99,45.6,5.11,98.24,41.44,1500,1480,1.39,0,0
4.69,9.94,43.91,5.05,98.71,41.42,2000,1972,1.41,0,0
21.73,37.44,99.5,9.18,85.92,94.92,4000,1986,7.66,9,3
13.58,21.73,78.11,7.27,90.92,66.05,3500,2520,5.26,6,2
7.23,12.45,57.48,5.54,95.64,50.64,3000,2846,2.82,2,1
5.23,9.97,46.77,4.85,98.76,38.77,1500,1525,1.58,0,0
13.17,24.44,75.07,7.39,91.29,67.67,3500,2701,5.2,5,2
5.15,9.5,44.4,5.17,98.51,40.14,1500,1536,1.69,0,0
5.18,10.75,43.54,4.85,98.46,40.77,2500,2544,1.53,0,0
5.03,9.75,43.09,5.1,98.69,38.46,2000,2035,1.46,0,0
4.85,10.68,45.17,4.95,98.46,39.11,2000,2004,1.39,0,0
21.81,34.68,100.26,10.77,84.95,85.55,4000,2050,9.68,6,3
10.41,23.77,76.62,7.81,92.46,67.23,3500,2617,5.33,3,2
4.56,10.07,43.73,5.04,98.3,40.69,2000,1998,1.33,1,0
10.23,19.8,71.34,7.53,90.68,67.37,3500,2510,4.8,4,2
7.84,13.58,53.48,6.08,95.52,54.86,2000,1776,2.83,2,1
22.94,38.66,95.06,10.68,85.68,88.67,4000,2221,9.35,10,3
7.01,13.92,55.92,5.89,96.4,54.08,2500,2286,3.11,1,1
4.97,9.82,43.91,5.15,98.68,41.34,2500,2488,1.49,0,0
5.4,10.28,46.74,5.13,98.38,39.64,2000,2022,1.3,0,0
7.4,12.79,54.84,5.75,96.41,53.79,2500,2335,2.69,1,1
4.75,10.53,44.32,5.14,98.77,39.62,1500,1521,1.53,0,0
8.0,12.31,57.52,5.55,96.73,49.94,2500,2247,2.79,2,1
16.2,38.51,90.03,10.41,86.79,89.32,4000,1814,10.74,5,3
5.15,10.14,44.22,4.8,98.42,40.87,2000,2019,1.67,0,0
5.16,9.97,45.74,5.16,98.39,41.81,2000,2005,1.61,0,0
7.18,15.04,56.13,6.02,95.88,54.0,2500,2250,3.2,1,1
13.14,22.61,78.63,7.48,90.92,71.38,3500,2574,5.23,2,2
18.53,34.2,99.93,10.72,84.07,89.15,4000,2117,10.03,10,3
7.39,12.11,55.45,5.62,96.67,49.68,3000,2802,3.35,3,1
4.5,9.35,46.54,4.98,98.77,41.22,2500,2463,1.38,0,0
7.43,14.59,52.3,6.09,96.15,49.56,2000,1729,2.79,1,1
4.56,9.24,46.59,4.94,98.7,41.77,1500,1453,1.42,0,0
8.44,12.82,54.63,5.9,95.27,50.59,3000,2748,2.97,1,1
20.33,31.68,92.36,10.14,85.24,93.58,4000,2385,8.67,8,3
5.5,10.54,43.3,4.86,98.28,38.61,2500,2509,1.46,1,0
10.68,22.84,74.09,7.25,92.58,71.78,3500,2793,5.22,4,2
19.37,32.87,97.55,10.28,82.51,91.33,4000,1934,7.74,8,3
5.32,10.74,45.17,5.15,98.79,38.94,2000,1984,1.39,0,0
11.11,21.21,70.05,7.19,92.95,66.82,3500,2699,4.94,5,2
7.9,15.01,57.52,6.02,96.27,51.29,2500,2239,2.91,1,1
5.03,10.72,45.45,4.85,98.65,40.82,2500,2472,1.65,0,0
18.8,39.19,87.99,9.36,83.78,91.59,4000,2332,10.77,5,3
22.16,33.91,102.94,9.38,87.4,94.72,4000,2487,10.11,5,3
6.98,15.45,54.27,5.86,95.38,50.67,3000,2880,2.86,3,1
7.09,12.77,57.55,5.8,96.55,54.76,3000,2896,3.13,1,1
20.75,34.27,91.43,9.47,84.68,87.38,4000,2491,8.81,5,3
12.34,19.45,79.9,7.84,91.39,72.47,3500,2744,6.39,2,2
22.31,36.54,91.47,10.62,86.98,85.47,4000,2362,10.56,7,3
5.09,10.75,43.7,5.15,98.61,40.18,2000,2045,1.6,0,0
6.98,15.3,55.98,5.52,95.91,52.14,3000,2842,3.1,0,1
5.3,10.78,44.7,5.06,98.55,38.08,1500,1525,1.62,0,0
11.92,19.27,72.65,7.94,90.94,67.0,3500,2848,5.75,2,2
4.95,10.37,43.07,4.87,98.65,41.55,2500,2460,1.61,0,0
10.86,21.08,79.74,7.6,90.99,68.6,3500,2768,5.62,4,2
17.79,33.66,94.42,9.47,83.99,93.17,4000,1657,7.14,10,3
18.43,36.32,100.29,10.94,83.07,85.2,4000,2263,7.05,5,3
20.14,38.48,97.76,9.18,82.18,90.64,4000,1757,7.0,6,3
8.29,13.03,57.51,5.76,96.06,52.52,2500,2212,3.46,0,1
13.87,24.51,70.12,7.38,91.92,72.29,3500,2566,6.27,2,2
11.22,23.91,77.76,7.76,91.73,72.36,3500,2725,4.52,4,2
12.05,21.22,74.19,7.39,91.0,69.38,3500,2670,5.2,5,2
8.3,15.8,52.53,5.76,96.43,50.89,2000,1820,3.03,2,1
4.99,9.15,44.0,4.87,98.66,40.13,2500,2497,1.48,1,0
5.05,10.65,46.76,4.91,98.5,38.87,2000,2004,1.66,1,0
22.17,32.45,89.75,10.53,84.96,86.25,4000,2144,8.33,7,3
11.34,24.37,70.16,7.67,92.35,69.5,3500,2510,5.89,2,2
22.57,38.73,91.91,9.96,82.78,86.58,4000,2301,8.17,9,3
20.74,34.99,101.1,10.61,86.13,88.64,4000,2013,9.11,10,3
5.33,9.61,46.64,5.2,98.76,40.65,1500,1516,1.44,1,0
11.81,21.83,72.76,7.54,91.65,69.53,3500,2839,6.21,3,2
5.14,10.08,46.19,5.02,98.69,38.63,1500,1484,1.45,1,0
13.33,22.72,76.28,7.72,92.37,69.17,3500,2745,6.33,2,2
5.38,9.94,46.34,5.05,98.64,41.65,2500,2473,1.47,0,0
10.08,20.86,72.81,7.4,92.94,67.07,3500,2800,5.9,6,2
4.86,10.63,43.39,5.18,98.76,38.12,1500,1544,1.5,1,0
4.74,9.66,46.72,5.11,98.61,39.99,2000,1987,1.44,0,0
12.97,22.5,71.45,7.35,92.77,67.79,3500,2672,5.37,3,2
11.61,23.22,74.45,7.3,91.0,72.06,3500,2748,4.77,2,2
19.16,37.14,89.08,9.39,87.85,86.16,4000,2474,8.04,10,3
20.64,30.29,94.65,9.67,86.17,93.32,4000,2275,8.69,8,3
18.63,33.0,98.68,10.3,86.68,88.19,4000,1741,8.37,5,3
8.32,13.43,57.87,5.68,95.88,50.86,3000,2865,3.04,1,1
21.08,34.04,95.74,9.45,87.11,89.37,4000,1820,7.02,9,3
7.81,15.76,56.38,5.6,96.58,54.38,3000,2722,3.24,1,1
4.54,10.6,44.34,5.18,98.25,39.01,2000,1974,1.43,0,0
13.52,24.97,70.79,7.47,93.31,72.42,3500,2890,6.16,3,2
7.12,12.3,57.74,5.64,95.73,49.14,2500,2279,3.07,3,1
19.56,36.65,98.01,9.33,85.82,91.13,4000,1861,10.81,10,3
7.21,14.56,55.58,5.94,96.67,51.48,2000,1898,2.53,2,1
7.92,13.98,54.07,5.55,95.78,51.13,2500,2330,2.66,2,1
23.89,36.23,90.55,10.14,84.58,88.91,4000,1992,7.7,10,3
7.95,13.76,53.35,5.6,95.71,54.38,2000,1889,3.27,1,1
20.65,33.22,92.59,9.87,84.45,88.57,4000,2372,7.88,9,3
10.22,23.64,77.27,7.84,92.51,67.63,3500,2747,6.12,2,2
4.65,10.54,46.0,5.06,98.4,41.75,1500,1525,1.48,1,0
4.74,10.69,44.52,5.17,98.59,41.68,2000,2006,1.53,1,0
10.67,24.26,72.49,7.08,90.72,69.34,3500,2754,5.74,3,2
4.89,9.34,46.49,5.14,98.38,39.73,2000,2010,1.36,1,0
18.72,39.51,95.63,10.01,83.57,85.55,4000,1513,8.28,10,3
5.47,9.6,43.56,4.82,98.24,39.18,1500,1457,1.31,1,0
4.95,10.58,46.94,5.04,98.4,40.91,1500,1485,1.38,0,0
7.98,15.13,53.65,5.58,95.62,51.18,3000,2819,3.07,0,1
10.37,24.43,72.37,7.8,92.49,66.66,3500,2701,4.74,4,2
18.53,34.89,92.05,9.71,84.49,89.42,4000,1798,7.62,9,3
17.93,32.72,99.18,10.28,84.62,91.19,4000,1707,9.99,7,3
13.57,20.39,77.2,7.56,91.94,70.66,3500,2661,4.64,2,2
10.07,20.45,75.71,7.57,91.02,67.38,3500,2651,5.86,2,2
13.5,22.15,78.47,7.11,93.19,70.64,3500,2651,4.76,6,2
4.85,10.18,44.2,5.04,98.74,39.3,1500,1467,1.38,1,0
4.88,9.08,43.06,5.19,98.52,38.04,2000,1988,1.48,0,0
23.19,33.64,88.97,9.48,87.89,92.63,4000,1608,8.69,8,3
5.01,10.04,45.19,5.15,98.31,41.83,1500,1524,1.53,1,0
18.15,31.48,101.93,10.42,86.27,94.45,4000,1874,9.19,10,3
4.86,9.47,43.79,4.93,98.68,38.12,1500,1541,1.31,0,0
7.36,14.98,57.41,5.76,95.56,50.6,2500,2286,3.08,0,1
10.7,24.88,77.42,7.69,93.46,70.12,3500,2762,4.52,3,2
11.69,23.76,79.65,7.2,92.34,73.57,3500,2692,4.85,5,2
4.76,9.66,45.46,5.0,98.42,40.95,1500,1487,1.49,0,0
7.12,14.4,54.57,5.77,96.12,52.09,2000,1833,3.28,3,1
5.04,10.56,43.79,4.93,98.27,41.38,2000,1982,1.61,1,0
11.15,21.66,76.86,7.63,92.91,71.84,3500,2652,4.6,3,2
7.18,13.31,54.15,5.54,96.09,50.88,3000,2741,2.89,0,1
21.5,38.27,87.54,10.21,84.6,90.98,4000,1529,8.0,10,3
5.46,9.62,43.97,4.88,98.34,38.61,2000,2026,1.54,0,0
17.56,30.26,94.97,10.56,86.37,92.13,4000,1616,10.84,10,3
20.83,39.87,102.89,9.81,83.98,88.8,4000,2489,9.96,10,3
8.32,14.0,53.47,5.69,96.45,54.2,2500,2210,3.36,0,1
5.18,9.27,43.45,4.82,98.45,41.46,2500,2529,1.32,1,0
20.21,35.25,93.94,10.93,82.21,88.88,4000,1958,10.79,8,3
8.08,12.74,57.32,5.62,95.24,52.53,2500,2267,2.96,2,1
20.49,35.49,89.08,10.59,85.69,87.37,4000,1542,7.47,7,3
8.35,12.01,56.41,5.54,96.03,50.64,3000,2836,2.99,0,1
13.17,20.31,72.81,7.39,90.77,66.97,3500,2796,5.75,6,2
7.11,12.05,55.38,5.86,95.75,51.0,3000,2726,3.17,3,1
4.85,10.24,43.55,5.05,98.37,38.32,2000,1965,1.33,1,0
12.6,22.55,76.18,7.35,90.88,72.07,3500,2785,5.05,6,2
22.07,35.27,98.86,10.81,84.98,85.38,4000,2071,9.69,6,3
4.76,9.27,46.66,4.93,98.52,39.36,1500,1518,1.32,1,0
22.37,31.39,99.75,10.78,82.93,94.35,4000,1509,10.9,9,3
4.84,10.78,43.58,5.19,98.53,40.78,2500,2521,1.44,0,0
18.54,31.66,93.28,10.8,87.79,85.26,4000,2136,8.81,6,3
20.95,31.74,96.2,10.39,82.01,94.91,4000,2379,7.68,6,3
4.87,10.75,43.24,4.84,98.39,41.85,2500,2515,1.58,1,0
10.55,22.25,79.28,7.75,91.39,70.35,3500,2637,5.56,6,2
17.56,37.02,89.84,9.28,85.49,94.49,4000,1552,10.49,5,3
7.68,15.28,55.28,5.88,95.31,54.88,2500,2269,2.62,0,1
6.53,15.24,53.75,5.98,95.38,49.35,2000,1802,3.06,3,1
20.72,31.66,100.82,10.64,86.74,94.46,4000,2246,10.98,8,3
4.74,9.19,43.5,4.89,98.69,39.78,2500,2539,1.4,0,0
22.49,30.34,94.46,9.27,83.16,91.72,4000,1653,7.32,8,3
4.59,9.13,44.8,5.08,98.56,40.93,2500,2475,1.34,1,0
7.01,15.57,54.11,5.95,95.99,51.98,2500,2303,2.66,2,1
11.75,22.54,78.85,7.89,91.95,66.84,3500,2746,4.52,4,2
7.29,14.21,54.11,5.92,96.09,52.01,2500,2230,3.17,3,1
18.89,36.01,102.13,9.64,85.37,86.84,4000,2256,8.06,10,3
4.83,10.18,45.42,4.99,98.35,39.37,1500,1481,1.46,1,0
18.57,32.08,102.01,10.77,87.28,94.06,4000,1658,9.16,7,3
5.27,9.12,45.33,5.1,98.42,41.6,1500,1548,1.69,0,0
18.1,31.1,102.69,10.73,84.49,86.57,4000,1716,7.83,8,3
19.95,33.56,94.02,10.42,83.56,90.0,4000,1540,8.63,5,3
4.85,9.87,44.58,5.06,98.45,39.37,2000,2034,1.46,1,0
13.0,19.64,71.21,7.7,90.63,67.92,3500,2698,5.39,4,2
13.36,21.75,75.26,7.41,92.9,72.06,3500,2827,5.21,5,2
7.59,14.9,57.59,5.95,95.9,51.52,3000,2752,2.79,2,1
7.16,12.35,55.65,5.79,96.61,51.58,3000,2795,2.88,1,1
10.97,22.74,75.85,7.26,92.62,73.98,3500,2580,5.69,4,2
18.05,39.18,92.99,9.69,83.12,90.14,4000,2272,8.65,8,3
6.79,12.58,53.97,5.73,95.26,54.1,2000,1778,3.25,1,1
11.13,20.03,79.85,7.84,91.71,72.79,3500,2546,4.93,2,2
7.15,14.23,57.72,5.52,95.67,50.42,2000,1783,3.13,3,1
19.23,34.32,98.83,9.14,83.95,86.05,4000,1830,8.14,5,3
10.84,21.53,79.26,7.74,91.24,72.52,3500,2785,6.06,4,2
8.01,12.25,56.5,5.68,96.26,52.66,2000,1887,2.59,0,1
12.87,23.76,78.96,7.26,91.71,69.84,3500,2594,4.61,6,2
8.37,15.67,52.92,5.54,96.59,52.08,2500,2341,3.11,1,1
10.24,20.93,75.06,7.61,91.07,73.64,3500,2597,5.22,3,2
22.3,33.85,98.59,10.89,86.63,87.05,4000,2367,7.36,7,3
4.99,10.93,45.34,5.09,98.39,41.28,2500,2478,1.59,0,0
5.08,10.31,46.28,5.12,98.39,39.64,1500,1538,1.63,0,0
12.19,23.18,71.77,7.7,91.62,69.84,3500,2840,5.35,5,2
7.32,13.06,52.03,6.04,95.89,52.61,2000,1793,2.95,3,1
18.98,31.58,90.49,10.35,84.44,88.24,4000,1656,8.54,9,3
5.23,9.54,45.85,4.89,98.36,38.33,2500,2539,1.52,1,0
4.78,10.73,45.91,5.13,98.79,41.87,2500,2462,1.54,0,0
7.81,14.42,54.81,6.04,96.56,50.35,3000,2852,3.22,3,1
7.79,13.56,52.4,6.03,96.03,51.55,2000,1784,2.81,1,1
4.74,9.83,44.71,4.91,98.62,39.86,1500,1491,1.47,1,0
13.44,23.01,79.45,7.18,92.53,69.96,3500,2679,5.64,4,2
16.8,32.43,92.38,10.12,87.12,93.25,4000,2311,9.82,5,3
10.32,24.3,79.39,7.04,91.76,73.99,3500,2747,4.99,4,2
4.87,10.77,43.41,4.94,98.37,39.7,2500,2493,1.46,0,0
19.82,39.6,99.45,10.92,83.53,90.88,4000,1732,10.2,7,3
7.5,15.76,52.24,5.9,95.54,50.69,2500,2240,2.96,3,1
17.79,35.0,92.78,10.79,87.74,91.5,4000,1547,9.35,5,3
12.49,19.56,79.91,7.64,91.05,73.93,3500,2667,6.46,5,2
7.29,13.85,57.76,5.97,96.0,54.47,3000,2845,3.24,3,1
17.13,33.38,96.15,9.54,86.53,86.22,4000,2371,9.89,6,3
4.79,9.68,44.87,4.82,98.63,41.79,1500,1529,1.33,1,0
7.05,12.71,55.04,6.09,95.71,49.87,2000,1805,2.73,1,1
4.85,10.0,45.36,4.95,98.52,41.9,2000,2021,1.69,1,0
7.47,12.31,52.5,5.97,95.81,52.96,2000,1857,3.07,3,1
13.64,19.48,78.6,7.96,92.3,72.05,3500,2678,4.71,4,2
5.43,9.95,45.9,5.08,98.24,41.83,2500,2499,1.4,1,0
10.01,23.01,71.4,7.69,91.54,70.68,3500,2750,4.86,5,2
12.32,24.77,74.95,7.37,91.97,69.25,3500,2866,6.22,6,2
7.11,14.01,56.07,6.05,95.39,50.29,2000,1710,2.83,2,1
17.89,32.27,101.83,9.38,83.01,86.18,4000,2413,10.0,7,3
12.69,24.09,72.28,7.49,92.77,70.74,3500,2785,5.52,4,2
5.18,9.94,46.88,5.2,98.38,41.73,2500,2521,1.47,0,0
22.73,30.57,100.35,9.88,82.58,93.76,4000,2141,9.17,7,3
6.7,15.99,56.07,6.02,96.67,50.8,3000,2879,2.63,2,1
7.61,15.92,52.23,5.96,95.61,51.7,2000,1751,3.41,1,1
18.51,37.57,100.8,9.95,87.26,88.22,4000,1655,10.85,10,3
10.62,23.74,70.03,7.29,92.99,68.22,3500,2686,6.16,4,2
4.6,9.86,43.26,4.81,98.7,38.75,2500,2480,1.57,0,0
4.85,9.53,44.42,5.06,98.38,39.54,2500,2499,1.56,1,0
5.46,9.93,45.4,5.05,98.71,40.74,2000,1971,1.44,0,0
11.02,19.93,77.85,7.24,92.42,67.69,3500,2887,6.42,2,2
23.66,38.9,89.02,10.82,82.08,94.87,4000,2000,10.99,5,3
5.28,10.95,45.95,4.86,98.48,40.61,2500,2525,1.47,0,0
16.96,37.46,98.29,10.07,84.3,89.15,4000,1982,10.17,6,3
19.26,31.96,94.52,10.15,87.23,91.58,4000,2154,9.12,6,3
13.37,20.44,72.15,7.06,92.86,69.94,3500,2653,5.83,2,2
4.51,10.98,46.13,4.96,98.54,40.43,2500,2488,1.35,0,0
19.71,35.56,91.81,9.34,82.51,92.48,4000,2173,9.97,5,3
4.54,9.46,46.76,5.13,98.31,40.49,2500,2509,1.36,0,0
19.74,36.64,88.6,10.89,85.75,87.65,4000,1976,9.15,7,3
21.56,35.13,93.48,9.4,87.66,94.86,4000,2341,7.1,9,3
19.56,39.7,95.81,9.41,85.23,90.54,4000,2068,7.13,5,3
23.71,32.26,102.12,9.72,86.11,87.16,4000,2219,9.68,6,3
8.34,15.48,54.36,5.57,95.32,54.7,3000,2876,3.25,0,1
7.51,13.25,53.79,5.62,95.93,53.68,2000,1846,3.15,3,1
4.57,9.37,44.61,4.88,98.67,40.55,1500,1453,1.41,0,0
7.14,15.69,57.34,5.92,95.53,51.86,3000,2856,2.59,0,1
12.7,22.92,73.88,7.03,91.71,73.23,3500,2630,5.13,5,2
8.21,15.6,55.13,5.71,96.15,54.73,3000,2730,3.16,3,1
6.75,14.41,55.93,5.69,95.53,53.54,2500,2310,2.79,2,1
13.67,19.09,74.13,7.79,90.73,66.47,3500,2783,5.8,4,2
7.13,13.98,54.64,5.63,96.38,53.58,2500,2275,2.73,1,1
10.54,19.56,79.67,7.92,90.69,73.44,3500,2732,5.34,2,2
7.65,14.78,53.29,6.06,96.49,53.25,2000,1831,3.42,0,1
5.18,9.58,43.59,4.98,98.36,41.52,1500,1536,1.66,1,0
4.93,9.02,46.02,4.91,98.61,38.39,1500,1466,1.62,0,0
8.13,12.29,57.27,5.96,95.88,50.03,2000,1734,3.2,1,1
10.54,21.02,74.88,7.76,92.93,69.45,3500,2651,5.75,5,2
17.24,39.47,93.36,10.24,84.36,85.31,4000,1775,7.21,6,3
5.25,9.88,46.49,5.07,98.28,40.52,1500,1462,1.47,0,0
13.71,22.66,75.91,7.79,92.71,66.44,3500,2839,5.91,5,2
22.82,36.81,88.68,9.32,82.16,85.25,4000,1631,8.74,6,3
11.96,24.7,70.64,7.8,90.64,71.56,3500,2565,4.77,3,2
10.73,23.46,72.33,7.83,91.7,73.28,3500,2765,4.54,2,2
11.78,22.0,76.25,7.13,91.05,73.67,3500,2766,5.14,3,2
17.2,32.54,101.77,10.18,84.74,86.15,4000,2083,10.45,8,3
7.14,13.75,57.44,5.61,95.27,51.45,2500,2245,3.23,3,1
23.07,36.53,95.23,10.49,83.98,94.03,4000,1602,9.59,7,3
19.75,35.32,92.18,9.01,84.91,87.84,4000,2378,10.72,9,3
4.62,10.0,43.38,4.95,98.45,41.08,2500,2461,1.49,1,0
13.51,19.63,71.88,7.79,91.92,70.51,3500,2798,5.14,4,2
16.34,39.05,90.74,9.12,85.14,93.65,4000,2200,8.17,7,3
17.42,35.49,94.15,9.43,87.74,87.55,4000,2169,8.57,8,3
21.89,32.9,90.96,9.44,87.43,87.83,4000,2385,7.26,7,3
12.41,20.18,76.83,7.15,91.15,70.15,3500,2598,6.31,2,2
18.53,32.21,102.09,9.61,84.68,94.51,4000,2028,7.01,6,3
6.98,13.84,52.78,6.07,95.23,50.58,3000,2750,3.34,2,1
4.71,10.27,46.43,5.07,98.3,41.22,2000,1999,1.46,0,0
4.77,10.18,46.51,5.1,98.62,41.48,1500,1549,1.42,1,0
21.13,36.08,87.14,9.48,85.19,89.68,4000,1944,10.98,9,3
18.86,30.04,94.27,9.58,86.84,91.85,4000,2081,9.09,9,3
12.66,19.63,79.56,7.25,91.81,70.34,3500,2763,6.38,3,2
7.93,13.7,57.68,6.04,96.35,52.23,3000,2826,2.79,1,1
12.47,21.46,73.61,7.34,91.78,68.7,3500,2751,5.75,4,2
19.54,35.35,96.34,9.61,83.29,90.13,4000,1884,10.85,8,3
19.01,39.52,96.82,10.96,87.62,88.15,4000,2150,7.74,10,3
4.93,10.1,45.02,4.8,98.44,39.01,1500,1530,1.39,0,0
4.51,9.07,46.35,5.15,98.79,40.41,2500,2471,1.52,0,0
5.14,9.34,46.07,4.92,98.71,41.77,1500,1464,1.5,1,0
7.04,13.68,56.72,5.56,95.26,51.39,2500,2357,2.65,1,1
4.63,9.04,45.81,4.96,98.27,38.82,1500,1488,1.59,1,0
4.77,10.79,44.58,5.05,98.52,39.68,2000,2018,1.47,0,0
12.78,22.98,77.91,7.65,92.88,71.88,3500,2577,5.54,6,2
7.18,13.28,57.81,6.03,95.66,52.7,2500,2364,2.89,0,1
13.79,23.08,72.82,7.57,91.0,69.2,3500,2737,5.57,3,2
12.17,22.76,79.72,7.17,92.97,67.17,3500,2670,5.8,2,2
7.16,12.36,53.1,6.03,95.89,53.49,2500,2212,3.2,1,1
4.84,9.44,46.53,5.13,98.23,41.1,2500,2498,1.55,0,0
7.94,14.46,52.56,6.03,96.12,52.99,2000,1849,3.24,3,1
5.15,10.81,46.83,4.95,98.75,40.61,2000,1982,1.41,0,0
10.24,23.47,75.2,7.2,92.91,73.47,3500,2683,5.48,3,2
23.5,34.55,89.03,10.98,87.84,85.41,4000,2166,7.42,5,3
6.63,15.22,52.86,5.7,96.67,50.99,2000,1884,3.34,3,1
8.04,15.8,53.1,5.78,96.36,53.19,3000,2818,2.68,1,1
4.85,10.83,44.53,4.94,98.73,38.67,1500,1486,1.56,1,0
6.54,13.51,54.79,5.62,95.56,50.14,3000,2810,2.64,1,1
13.46,24.3,75.48,7.86,93.37,71.05,3500,2898,5.42,4,2
4.83,10.97,44.64,4.83,98.35,38.76,2500,2499,1.5,0,0
12.95,21.24,70.04,7.16,91.07,73.13,3500,2528,6.17,2,2
7.11,12.15,53.9,5.6,95.78,54.88,2000,1894,2.52,1,1
4.77,9.23,46.55,5.07,98.76,38.53,1500,1523,1.54,0,0
22.19,39.25,94.93,9.63,86.66,89.11,4000,1993,8.78,8,3
13.75,23.19,74.92,7.07,91.56,72.39,3500,2732,5.13,5,2
4.69,10.23,46.24,5.15,98.55,38.39,1500,1469,1.63,0,0
4.68,9.56,45.6,5.16,98.23,38.84,1500,1493,1.54,1,0
12.06,22.94,70.85,7.48,90.88,69.27,3500,2704,5.77,2,2
4.98,10.68,45.06,4.91,98.76,41.39,2000,1980,1.67,0,0
8.18,14.19,57.09,5.89,96.72,52.16,3000,2746,3.44,0,1
8.18,15.46,56.51,5.67,96.59,49.52,2500,2288,3.45,1,1
5.25,10.08,44.62,5.17,98.24,40.9,1500,1490,1.33,1,0
10.66,19.84,71.98,7.64,92.35,72.75,3500,2572,5.02,4,2
23.62,38.14,92.53,9.83,83.69,87.19,4000,2352,9.1,6,3
5.4,9.29,46.33,5.03,98.5,39.66,2500,2505,1.66,1,0
5.42,10.53,45.17,4.96,98.67,38.94,1500,1538,1.66,1,0
4.99,9.23,43.2,5.03,98.48,40.99,2500,2526,1.34,0,0
4.76,9.51,43.45,4.86,98.57,39.16,2500,2516,1.64,0,0
7.13,14.94,57.34,5.65,95.9,53.2,3000,2735,2.5,2,1
8.07,12.02,56.89,5.76,96.22,51.84,3000,2731,2.94,2,1
20.69,32.59,88.88,10.78,87.15,92.03,4000,2390,8.57,10,3
10.99,23.87,76.31,7.78,92.75,67.68,3500,2821,5.71,4,2
12.55,24.28,73.77,7.89,92.44,73.63,3500,2539,6.19,5,2
23.21,33.85,101.62,10.27,83.57,88.58,4000,1856,9.32,6,3
18.46,38.74,101.63,10.34,82.56,87.9,4000,1825,7.41,5,3
10.78,23.03,79.76,7.07,91.62,70.32,3500,2725,6.34,6,2
8.39,12.24,54.3,5.77,95.93,52.35,2500,2275,3.39,2,1
10.84,24.6,78.99,7.39,91.21,68.27,3500,2867,6.18,2,2
4.83,10.39,45.89,5.06,98.4,39.79,1500,1528,1.47,0,0
11.67,23.7,79.02,7.25,92.83,73.81,3500,2784,5.1,4,2
12.64,19.17,72.98,7.33,91.98,72.49,3500,2721,5.23,4,2
12.87,21.5,74.93,7.29,91.2,66.91,3500,2826,5.55,3,2
17.6,37.79,87.85,10.08,86.8,85.01,4000,2356,10.12,10,3
11.98,23.87,71.2,7.83,91.39,68.96,3500,2584,4.9,2,2
19.6,30.49,90.78,10.52,87.67,88.68,4000,1785,7.71,10,3
12.49,24.71,79.69,7.24,92.78,68.28,3500,2769,4.53,3,2
13.28,24.57,75.3,7.06,92.85,68.58,3500,2603,5.82,4,2
7.28,13.19,52.71,5.9,95.31,54.05,2000,1766,3.46,1,1
4.5,10.95,46.76,5.12,98.52,39.22,2000,2006,1.54,1,0
8.41,12.25,54.97,5.61,96.68,51.54,2000,1881,3.07,1,1
5.16,10.15,47.0,4.84,98.3,41.6,2500,2503,1.59,0,0
4.98,9.82,43.26,5.19,98.21,40.79,1500,1470,1.64,0,0
22.73,38.29,101.05,9.37,87.2,88.2,4000,1717,8.01,5,3
20.46,35.98,89.22,10.46,83.57,93.03,4000,2356,8.24,6,3
7.1,12.35,52.37,6.07,96.2,54.36,2500,2266,2.75,2,1
4.7,10.59,46.4,4.87,98.69,38.94,2000,2028,1.61,1,0
23.03,32.98,98.79,9.93,83.54,89.74,4000,2465,7.74,7,3
11.47,23.93,71.9,7.59,91.88,68.01,3500,2868,6.34,4,2
8.29,13.79,55.61,6.0,96.68,52.03,2000,1812,3.0,0,1
5.03,10.13,45.43,4.92,98.52,41.13,1500,1505,1.44,0,0
7.39,13.95,57.65,5.63,95.21,52.38,2500,2249,2.66,2,1
8.43,14.42,54.97,5.66,96.73,51.95,2000,1812,2.52,0,1
4.59,9.84,43.56,5.15,98.29,40.44,2500,2545,1.47,0,0
16.46,36.05,97.41,10.35,85.22,87.21,4000,2006,9.83,7,3
17.56,30.22,88.96,9.81,83.95,87.7,4000,1758,10.99,9,3
7.65,15.43,55.97,5.52,95.95,49.9,3000,2834,2.83,3,1
6.68,15.45,57.39,5.71,95.3,53.41,3000,2829,3.44,3,1
4.61,10.52,44.0,5.1,98.71,39.98,2500,2481,1.56,0,0
20.01,39.85,94.46,10.84,85.11,88.11,4000,1799,9.3,7,3
10.64,22.99,74.97,7.16,90.72,67.33,3500,2646,5.35,3,2
17.68,35.94,98.33,10.24,82.77,90.58,4000,1566,9.78,7,3
11.77,20.99,70.24,7.32,90.73,67.53,3500,2774,5.22,6,2
17.15,39.33,97.71,10.18,83.28,86.92,4000,1672,7.2,7,3
7.22,12.79,54.17,5.93,96.29,51.73,2500,2390,3.05,1,1
4.55,10.01,45.38,4.93,98.37,41.89,2000,2006,1.62,1,0
20.42,32.37,96.49,9.8,82.67,89.29,4000,1985,10.33,9,3
12.16,20.13,75.79,7.8,91.16,71.22,3500,2836,5.3,6,2
5.18,10.42,43.86,4.87,98.55,39.43,2000,1956,1.52,1,0
8.16,15.38,53.24,5.94,96.12,49.44,2500,2267,3.1,0,1
11.43,22.14,77.07,7.14,91.37,66.0,3500,2793,5.92,6,2
8.45,12.03,56.44,5.98,96.52,51.95,2000,1805,3.23,3,1
22.09,31.13,89.65,10.56,87.49,89.13,4000,1698,10.98,10,3
12.38,20.52,77.74,7.2,91.51,72.99,3500,2815,4.92,6,2
22.78,37.22,97.12,10.12,83.43,91.37,4000,1869,10.25,6,3
11.27,24.31,78.46,7.72,92.61,70.24,3500,2535,4.51,6,2
18.14,30.58,98.68,9.72,83.55,91.96,4000,1658,10.25,5,3
18.07,38.09,94.6,10.59,83.02,86.93,4000,1718,7.82,8,3
7.6,12.9,55.31,5.9,96.32,51.39,2500,2338,3.03,3,1
5.13,9.21,43.35,4.86,98.79,41.77,2500,2548,1.4,1,0
